MatrixId,RowKind,RootSubdirectory,FilePath,ObservedRole,OperationalClassification,OperationalLogicPresent,CurrentBoundary,RelatedExistingDescriptiveOrModelEntities,BindingRationale,OperationalGap,RecommendedOperationalAction,ProposedMissingComponentOrWave,Priority,Notes
ASCC-COMP-W10-BC-001,ExistingHeader,bridge_core,bridge_core/TBridge.hpp,Bridge core value and model-step orchestrator,RUNTIME_OPERATIONAL_MODEL,Yes: declaration factory; validity/readiness/running/terminal checks; view/frame/snapshot/trace; step_model_once; step_model_report; run_model_to_terminal,Header-only Bridge Core model execution; delegates protocol advancement; no concrete adapter/port invocation path,TBridgeProtocol; TBridgeConfig; TBridgeStepBudget; TBridgeCorePolicy; TBridgeCoreResult; TBridgeCoreIssue; TBridgeCoreFrame; TBridgeCoreView; TBridgeCoreStepReport,TBridge consumes these current model entities to run a bounded bridge model step and produce evidence,No header-level concrete endpoint invocation/composition path; no adapter/port call step; no binding-to-endpoint execution machinery,Add explicit header-level bridge endpoint invocation/composition boundary only if ASCC is confirmed to own concrete adapter/port step execution; keep current TBridge as model orchestrator,TBridgeStepExecutor / TBridgeEndpointInvocation / TBridgeAdapterPortInvocationPolicy,High,TBridge is real header-only operational logic; missing layer is not cpp runtime but concrete invocation path
ASCC-COMP-W10-BC-002,ExistingHeader,bridge_core,bridge_core/TBridgeCore.hpp,Aggregate include for Bridge Core surface,SURFACE_AGGREGATOR,No direct operation; collects Bridge Core headers and exposes availability marker,Public include surface only,All bridge_core public headers,TBridgeCore is the descriptive/public surface from which operational and evidence types are discovered,No versioned public include contract; no feature-level readiness export beyond marker,Add a version/readiness surface if downstream composer requires explicit Bridge Core capability discovery,ASCC-COMP-W06/W07 readiness evidence extension,Medium,Important surface but not operational logic itself
ASCC-COMP-W10-BC-003,ExistingHeader,bridge_core,bridge_core/budget/TBridgeStepBudget.hpp,Deterministic model-step budget,MODEL_LOGIC_EXECUTION_GUARD,Yes: is_valid; exhausted; remaining; consume_one; finite/single_step factories,Step-count bound only; no timeout/thread/clock cancellation,TBridgeConfig; TBridge; TBridgeCoreResult,TBridgeConfig carries the budget and TBridge consumes it before protocol advancement,No richer budget policy for bounded runs; no diagnostic reason for budget denial beyond result mapping,Add optional budget policy/report if multiple run modes or diagnostic dry runs need detailed evidence,TBridgeBudgetPolicy/TBridgeBudgetReport,Medium,This is operational guard logic inside header-only model
ASCC-COMP-W10-BC-004,ExistingHeader,bridge_core,bridge_core/config/TBridgeConfig.hpp,Bridge model execution configuration,CONFIG_CONTRACT_WITH_FACTORIES,Partial: validates run_mode/budget and provides manual/bounded/single-pass/diagnostic configs,Config describes model execution; no endpoint invocation profile yet,TBridgeRunMode; TBridgeStepBudget; TBridgeCorePolicy; TBridge,TBridgeConfig is the descriptive/config entity controlling how TBridge may run model steps,No explicit compatibility check between run_mode and execution function; diagnostic flags not yet connected to a collector; endpoint invocation mode not represented,Add config compatibility policy and diagnostics collection binding; add endpoint invocation profile only if concrete invocation ownership is accepted,TBridgeConfigCompatibilityPolicy / TBridgeDiagnosticCollectionProfile / TBridgeEndpointInvocationProfile,Medium,Configuration is not endpoint policy yet
ASCC-COMP-W10-BC-005,ExistingHeader,bridge_core,bridge_core/config/TBridgeRunMode.hpp,Run-mode taxonomy,DESCRIPTIVE_CONTRACT,Helpers likely limited to enum conversion/classification,Model run vocabulary only,TBridgeConfig; TBridgeRunModeCompatibilityMatrix proposed,Run mode is the descriptive axis that future execution policy must interpret,No explicit operational mapping table from run_mode to allowed model or endpoint invocation operations,Add run-mode compatibility matrix if endpoint invocation wave appears,TBridgeRunModeCompatibilityMatrix,Low,Mostly descriptive unless tied to gate/executor
ASCC-COMP-W10-BC-006,ExistingHeader,bridge_core,bridge_core/policies/TBridgeCorePolicy.hpp,Bridge declaration preflight policy,GUARD_LOGIC,Yes: check_declaration validates bridge id/config/protocol/readiness/budget and returns issue,Preflight only; no endpoint invocation governance or registry admission,TBridgeId; TBridgeConfig; TBridgeProtocol; TBridgeCoreIssue; TCorrelationToken,TBridgeCorePolicy binds current descriptive identity/config/protocol state into preflight operational acceptance,No policy chain for protocol requirement readiness or binding composition readiness; no endpoint invocation readiness check,Extend preflight to consume W05 protocol requirement report and W04 binding composition readiness before full runtime admission,TBridgeCoreReadinessPolicy / ASCC-COMP-W06 readiness integration,High,Key guard logic; should become the bridge-level preflight aggregator later
ASCC-COMP-W10-BC-007,ExistingHeader,bridge_core,bridge_core/status/TBridgeStatus.hpp,Bridge lifecycle status taxonomy,STATE_TAXONOMY_WITH_HELPERS,Partial: terminal/runnable/to_string helpers,Bridge model lifecycle only; separate from protocol/session/endpoint invocation lifecycle,TBridge; TBridgeCoreResult; TBridgeCoreIssue; TBridgeCoreView; TBridgeCoreFrame,TBridgeStatus is the descriptive state vocabulary consumed by operational transitions and evidence projections,No formal transition table or transition ownership report,Add Bridge status transition policy/matrix if status mutation expands beyond TBridge,TBridgeStatusTransitionMatrix,Medium,Current helpers are useful but not a full state machine spec
ASCC-COMP-W10-BC-008,ExistingHeader,bridge_core,bridge_core/results/TBridgeCoreResult.hpp,Bridge Core operation result primitive,RESULT_LOGIC,Yes: ready/running/completed/rejected/failed/exhausted factories and classifiers,Maps model execution results; no endpoint invocation result interpretation,TBridgeId; TBridgeStatus; TBridgeResult; TBridgeError; TCorrelationToken,TBridgeCoreResult binds descriptive bridge status and generic result into operational outcome evidence,No detailed result provenance linking protocol result issue and frame sequence; no endpoint invocation result mapping,Add result provenance/evidence link if diagnostics/readiness gate requires deeper traceability,TBridgeCoreResultEvidenceRef / TBridgeCoreOutcomeReport,Medium,Operational outcome model is present
ASCC-COMP-W10-BC-009,ExistingHeader,bridge_core,bridge_core/issues/TBridgeCoreIssue.hpp,Bridge Core diagnostic issue record,DIAGNOSTIC_VALUE_WITH_FACTORIES,Partial: severity/status/code/message/correlation plus issue factories,Diagnostic value only; no logging sink or persistent store,TBridgeStatus; TCorrelationToken; TBridgeCorePolicy; TBridge,TBridgeCoreIssue is the descriptive diagnostic record emitted by operational guards and model failures,No issue catalog; no stable issue code registry; no export boundary,Add issue catalog and export adapter later under diagnostics production hardening,TBridgeCoreIssueCatalog / TBridgeDiagnosticExportBoundary,Medium,Not a telemetry implementation
ASCC-COMP-W10-BC-010,ExistingHeader,bridge_core,bridge_core/frames/TBridgeCoreFrame.hpp,Current bridge frame projection,READ_ONLY_FRAME_LOGIC,Partial: validity and terminal helpers over bridge/protocol frame,Read-only evidence only; no mutable orchestration context,TBridgeId; TBridgeStatus; TBridgeStepBudget; TBridgeProtocolFrame,TBridgeCoreFrame links current bridge state to current protocol frame for evidence,No frame sequence provenance beyond frame_index; no collector storage,Add frame collection profile if diagnostic run modes require captured sequences,TBridgeFrameCollector / TBridgeFrameSequenceReport,Low,Frame is evidence not executor
ASCC-COMP-W10-BC-011,ExistingHeader,bridge_core,bridge_core/views/TBridgeCoreView.hpp,Compact read-only Bridge Core projection,READ_ONLY_PROJECTION,Partial: validity and terminal helpers,Safe projection; no mutable state exposure,TBridgeId; TBridgeProtocolId; TBridgeStatus; TCorrelationToken,TBridgeCoreView exposes descriptive state without mutation for diagnostics and readiness,No bridge readiness dimensions beyond basic status/counters,Extend view or add readiness view to include W06 evidence dimensions,TAsccBridgeReadinessView integration,Medium,Should remain read-only
ASCC-COMP-W10-BC-012,ExistingHeader,bridge_core,bridge_core/reports/TBridgeCoreStepReport.hpp,Single-step before/after/result/trace report,REPORT_LOGIC,Partial: validates before/after/result bridge id consistency; success/completion helpers,Report only; no persistent diagnostics or telemetry,TBridgeCoreFrame; TBridgeCoreResult; TBridgeCoreTrace,TBridgeCoreStepReport ties model execution evidence before/after a single operation,No aggregate bounded-run report; no failure series report,Add bounded-run report if run_model_to_terminal remains a supported operation,TBridgeCoreRunReport / TBridgeStepReportSequence,Medium,Important evidence for model execution
ASCC-COMP-W10-BC-013,ExistingHeader,bridge_core,bridge_core/snapshots/TBridgeCoreSnapshot.hpp,Bridge Core snapshot evidence,READ_ONLY_EVIDENCE,Likely snapshot composition of bridge config/status/protocol view/frame/issue,Snapshot only; no registry persistence,TBridgeConfig; TBridgeProtocolView; TBridgeCoreFrame; TBridgeCoreIssue; TBridgeCoreView,TBridgeCoreSnapshot should bind current descriptive model state into a stable evidence package,No snapshot versioning or stable serialization/export contract,Add snapshot version/export boundary if used in diagnostics or CI artifacts,TBridgeCoreSnapshotSchema / Diagnostic Snapshot Export,Low,Needs direct content verification in later pass if required
ASCC-COMP-W10-BC-014,ExistingHeader,bridge_core,bridge_core/traces/TBridgeCoreTrace.hpp,Bridge Core trace record,TRACE_EVIDENCE,Likely trace creation for current step; no backend,Trace value only; no telemetry sink,TBridgeId; TBridgeStatus; TBridgeProtocolTrace; TCorrelationToken,TBridgeCoreTrace links bridge-level trace to protocol-level trace without owning telemetry,No trace collector; no trace policy connection beyond config flags,Add trace collector/profile if collect_trace_frame should become actionable,TBridgeTraceCollector / TBridgeTracePolicy,Medium,Trace is evidence not telemetry runtime
ASCC-COMP-W10-BC-015,ExistingHeader,bridge_core,bridge_core/ids/TBridgeId.hpp,Bridge identity value,VALUE_CONTRACT,Minimal: id validity/factory/equality expected,Identity only,TBridge; TBridgeCoreView; TBridgeCoreResult; Bridge registries,TBridgeId is the identity descriptor consumed by all operational/evidence entities,No registry uniqueness enforcement in Bridge Core itself,Keep identity value; enforce uniqueness in registry layer,BridgeRegistry readiness / existing registries,Low,No operational gap inside value type
ASCC-COMP-W10-BC-016,ExistingHeader,bridge_core,bridge_core/errors/TBridgeError.hpp,Bridge error primitive,VALUE_CONTRACT,Minimal: error code/message factory expected,Error value only,TBridgeResult; TBridgeCoreResult; TBridgeCoreIssue,TBridgeError describes failure reason consumed by operational result factories,No normalized bridge error catalog or cross-layer mapping,Add error catalog/mapping only if integration boundary requires stable error ABI,TBridgeErrorCatalog / BoundaryErrorMapping,Low,Do not overbuild before boundary requirements
ASCC-COMP-W10-BC-017,ExistingHeader,bridge_core,bridge_core/results/TBridgeResult.hpp,Generic bridge result primitive,VALUE_RESULT_CONTRACT,Partial: success/fail/reject/defer expected,Generic result only,TBridgeError; TCorrelationToken; TBridgeCoreResult,TBridgeResult is the lower-level result descriptor wrapped by TBridgeCoreResult,No endpoint-specific result mapping and should not add it here,Keep endpoint-specific mapping outside Bridge Core unless endpoint invocation is accepted,Integration Boundary Result Mapping,Low,Supports core result without owning endpoint behavior
ASCC-COMP-W10-BC-018,ExistingHeader,bridge_core,bridge_core/orchestration/TBridge.hpp,Compatibility/forwarding header,FORWARDER_ALIAS,No independent operation; forwards to canonical bridge_core/TBridge.hpp,Alias only,bridge_core/TBridge.hpp,Forwarder preserves include compatibility to canonical operational entity,No gap after W01 cleanup,Keep as compatibility forwarder until canonical include root decision,Root/include surface decision,Low,W01 marks this as closed forwarder
ASCC-COMP-W10-BC-019,ExistingHeader,bridge_core,bridge_core/traits/TBridgeTraits.hpp,Traits placeholder / deferred bridge runtime traits decision,DEFERRED_TRAIT_SURFACE,No confirmed operation in W01; likely empty/deferred,Trait/static profile decision deferred,TBridgeConfig; TBridgeRunMode; proposed TBridgeStaticProfile; proposed TBridgeEndpointInvocationProfile,Traits would be the compile-time bridge between descriptive configuration and operational specialization,Missing trait contract for static bridge customization if needed by header-only design,Define only when concrete customization axes are known: protocol capacity diagnostics profile endpoint-invocation/no-invocation profile,TBridgeTraits / Bridge Core Static Profile,Medium,Avoid inventing traits before executor/binding requirements are finalized
ASCC-COMP-W10-OE-001,ProposedOperationalEntity,bridge_core,proposed/bridge_core/execution/TBridgeStepExecutor.hpp,Proposed component: executes one bridge step beyond pure model advancement,PROPOSED_OPERATIONAL_ENTITY,No: proposed missing entity,Must remain header-only/static-friendly if adopted; consumes TBridge and execution policy,TBridge; TBridgeProtocol; TBridgeConfig; TBridgeStepBudget; TBridgeCoreResult; TBridgeCoreStepReport; TBridgeEndpointInvocationProfile,TBridgeStepExecutor should wrap existing model execution entities and optionally add invocation phase,Missing component to coordinate model advancement plus optional invocation phase,Create only after protocol and binding analysis decide whether ASCC owns invocation step,TBridgeStepExecutor,High,Primary proposed operational entity for concrete bridge step execution
ASCC-COMP-W10-OE-002,ProposedOperationalEntity,bridge_core,proposed/bridge_core/execution/TBridgeEndpointInvocation.hpp,Proposed component: represents adapter/port invocation action for a protocol step,PROPOSED_OPERATIONAL_ENTITY,No: proposed missing entity,Would connect protocol step requirements to concrete endpoint surfaces,TBridgeProtocolStep; TProtocolCarrierRequirement; TProtocolParticipantRequirement; TProtocolBindingRequirement; TParticipantRole; TParticipantCapabilitySet; TBindingCompositionMetadata,Endpoint invocation must be parameterized by existing protocol/participant/binding descriptors rather than inventing endpoint semantics,No type exists to represent one concrete endpoint invocation attempt,Introduce as value/template boundary with request/result; no dynamic runtime required,TBridgeEndpointInvocation,High,This is the precise missing layer previously called concrete endpoint runtime
ASCC-COMP-W10-OE-003,ProposedOperationalEntity,bridge_core,proposed/bridge_core/execution/TBridgeAdapterPortInvocationPolicy.hpp,Proposed component: policy that maps protocol requirements to adapter/port calls,PROPOSED_OPERATIONAL_POLICY_ENTITY,No: proposed missing entity,Would use W03 participant capabilities W04 composition metadata and W05 protocol requirements,TParticipantCapabilityKind; TParticipantCapabilityDirection; TProtocolRequirementSet; TProtocolCarrierRequirement; TBindingHandoffStyle; TBindingOwnershipBoundary; TPluginAdapter; TPort,TBridgeAdapterPortInvocationPolicy should interpret existing descriptive contracts to decide which concrete surface is callable,No policy maps a protocol carrier/participant requirement to a concrete call,Add after W03-W05 are stable and protocols directory is analyzed,TBridgeAdapterPortInvocationPolicy,High,Should be static/profile-driven not reflection/runtime dispatch
ASCC-COMP-W10-OE-004,ProposedOperationalEntity,bridge_core,proposed/bridge_core/execution/TBridgeEndpointInvocationProfile.hpp,Proposed component: config/profile for enabling/disabling endpoint invocation,PROPOSED_CONFIGURATION_ENTITY,No: proposed missing entity,Would extend TBridgeConfig or remain separate composition profile,TBridgeConfig; TBridgeRunMode; TBindingExecutionAssumption; TBindingHandoffStyle; TBridgeStaticProfile,TBridgeEndpointInvocationProfile is the descriptive switch deciding model-only vs model-plus-invocation behavior,No config axis distinguishes model-only run from model-plus-invocation run,Add explicit profile only if invocation ownership is accepted,TBridgeEndpointInvocationProfile,Medium,Prevents smuggling endpoint execution into TBridgeConfig silently
ASCC-COMP-W10-OE-005,ProposedOperationalEntity,bridge_core,proposed/bridge_core/reports/TBridgeExecutionReport.hpp,Proposed component: report for bridge step execution including invocation evidence,PROPOSED_REPORT_ENTITY,No: proposed missing entity,Would extend current step report with invocation result/evidence,TBridgeCoreStepReport; TBridgeEndpointInvocation; TBridgeCoreResult; TBridgeCoreIssue; TBridgeCoreTrace,TBridgeExecutionReport should combine existing model-step report with concrete invocation attempt evidence,No report captures concrete invocation attempt/outcome,Add with TBridgeStepExecutor if endpoint invocation becomes part of ASCC,TBridgeExecutionReport,High,Separate from TBridgeCoreStepReport which reports model step only
ASCC-COMP-W10-OE-006,ProposedOperationalEntity,bridge_core,proposed/bridge_core/readiness/TBridgeCoreReadinessPolicy.hpp,Proposed component: aggregate readiness/preflight policy,PROPOSED_GUARD_ENTITY,No: proposed missing entity,Consumes W03/W04/W05/W06 evidence without executing endpoints,TBridgeCorePolicy; TProtocolRequirementReport; TBindingCompositionReport; TParticipantCapabilityReport; TAsccReadinessReport,TBridgeCoreReadinessPolicy should unify current descriptive readiness reports before operational admission,Current TBridgeCorePolicy checks only id config protocol readiness budget,Add in W06/W07 readiness integration rather than overloading declaration policy,TBridgeCoreReadinessPolicy,High,Important even if endpoint invocation is not owned by ASCC
ASCC-COMP-W10-OE-007,ProposedOperationalEntity,bridge_core,proposed/bridge_core/readiness/TAsccBridgeReadinessView.hpp,Proposed component: bridge readiness projection for composer/gate,PROPOSED_VIEW_ENTITY,No: proposed missing entity,Read-only evidence view; not execution,TBridgeCoreView; TBridgeCoreSnapshot; TBridgeCoreIssue; TAsccReadinessEvidenceRef; TAsccCompositionReadinessView,TAsccBridgeReadinessView should project existing bridge model state plus ASCC readiness evidence,Current TBridgeCoreView lacks ASCC readiness dimensions,Add readiness view with identity capability protocol binding budget diagnostics dimensions,TAsccBridgeReadinessView,High,Feeds composable readiness gate
ASCC-COMP-W10-OE-008,ProposedOperationalEntity,bridge_core,proposed/bridge_core/config/TBridgeRunModeCompatibilityMatrix.hpp,Proposed component: run-mode to operation compatibility matrix,PROPOSED_POLICY_MATRIX,No: proposed missing entity,Defines allowed operations per run mode,TBridgeRunMode; TBridgeConfig; TBridgeEndpointInvocationProfile; TBridgeStaticProfile,Compatibility matrix ties descriptive run-mode vocabulary to legal operational paths,Run modes exist but are not formally tied to allowed model/invocation behavior,Add if additional run modes or invocation profile appear,TBridgeRunModeCompatibilityMatrix,Medium,Prevents ambiguous diagnostic_dry_run/manual_step semantics
ASCC-COMP-W10-OE-009,ProposedOperationalEntity,bridge_core,proposed/bridge_core/status/TBridgeStatusTransitionMatrix.hpp,Proposed component: formal status transition matrix,PROPOSED_STATE_POLICY_ENTITY,No: proposed missing entity,Defines legal bridge status transitions and owners,TBridgeStatus; TBridge; TBridgeCoreResult; TBridgeCoreIssue; TBridgeExecutionReport,TBridgeStatusTransitionMatrix should formalize current implicit TBridge status transitions,No standalone transition table or transition ownership report exists,Add when transition authority expands beyond TBridge or reports require explicit transition proof,TBridgeStatusTransitionMatrix,Medium,Supports future compliance and diagnostics
ASCC-COMP-W10-OE-010,ProposedOperationalEntity,bridge_core,proposed/bridge_core/diagnostics/TBridgeFrameCollector.hpp,Proposed component: bounded frame collector for diagnostic modes,PROPOSED_DIAGNOSTIC_ENTITY,No: proposed missing entity,Collects frame sequence in header-only bounded storage,TBridgeCoreFrame; TBridgeConfig; TBridgeRunMode; TBridgeCoreStepReport,TBridgeFrameCollector should operationalize existing frame evidence when diagnostic flags request collection,Frames exist but no collector stores sequences,Add only if diagnostic_dry_run or CI evidence needs captured frame history,TBridgeFrameCollector,Medium,Should remain bounded/static-friendly
ASCC-COMP-W10-OE-011,ProposedOperationalEntity,bridge_core,proposed/bridge_core/diagnostics/TBridgeTraceCollector.hpp,Proposed component: bounded trace collector,PROPOSED_DIAGNOSTIC_ENTITY,No: proposed missing entity,Collects trace evidence according to config/profile,TBridgeCoreTrace; TBridgeConfig; TBridgeCoreStepReport; TBridgeProtocolTrace,TBridgeTraceCollector should collect existing trace evidence without becoming telemetry backend,Trace records exist but no collection profile/action exists,Add when collect_trace_frame must become actionable,TBridgeTraceCollector,Medium,No telemetry backend ownership
ASCC-COMP-W10-OE-012,ProposedOperationalEntity,bridge_core,proposed/bridge_core/diagnostics/TBridgeCoreIssueCatalog.hpp,Proposed component: stable issue-code catalog,PROPOSED_DIAGNOSTIC_CONTRACT,No: proposed missing entity,Defines stable issue code vocabulary,TBridgeCoreIssue; TBridgeCorePolicy; TBridgeStatus; TBridgeError,TBridgeCoreIssueCatalog should normalize free-form issue codes used by current guards/results,Issues use free string_view code with no catalog,Add before production diagnostics/export boundary,TBridgeCoreIssueCatalog,Medium,Improves CI and compliance stability
ASCC-COMP-W10-OE-013,ProposedOperationalEntity,bridge_core,proposed/bridge_core/budget/TBridgeBudgetPolicy.hpp,Proposed component: richer budget policy and denial report,PROPOSED_GUARD_ENTITY,No: proposed missing entity,Extends current step budget with profile/policy/reporting,TBridgeStepBudget; TBridgeConfig; TBridgeCoreIssue; TBridgeCoreResult,TBridgeBudgetPolicy should interpret existing budget descriptor and produce richer denial evidence,Current budget only counts steps and returns exhausted/remaining,Add if run modes require richer budget semantics,TBridgeBudgetPolicy / TBridgeBudgetReport,Low,Do not overbuild unless budget decisions become more complex
ASCC-COMP-W10-OE-014,ProposedOperationalEntity,bridge_core,proposed/bridge_core/reports/TBridgeCoreRunReport.hpp,Proposed component: aggregate bounded-run report,PROPOSED_REPORT_ENTITY,No: proposed missing entity,Aggregates step reports over run_model_to_terminal,TBridgeCoreStepReport; TBridgeCoreResult; TBridgeStepBudget; TBridgeCoreFrame,TBridgeCoreRunReport should aggregate existing step evidence into bounded-run evidence,Current TBridgeCoreStepReport only captures one step,Add if bounded model runs remain a supported public operation,TBridgeCoreRunReport,Medium,Useful for diagnostic dry run and CI evidence
ASCC-COMP-W10-OE-015,ProposedOperationalEntity,bridge_core,proposed/bridge_core/traits/TBridgeStaticProfile.hpp,Proposed component: static profile / traits aggregation,PROPOSED_STATIC_PROFILE_ENTITY,No: proposed missing entity,Would define compile-time axes such as protocol capacity diagnostics profile invocation enabled/disabled,TBridgeTraits; TBridgeConfig; TBridgeEndpointInvocationProfile; TBridgeRunModeCompatibilityMatrix; TBridgeCoreReadinessPolicy,TBridgeStaticProfile should bind descriptive config/readiness/invocation axes into C++17 header-only specialization,No concrete static profile exists,Define only after protocol/binding/invocation decisions settle,TBridgeStaticProfile / TBridgeTraits,Medium,Matches header-only C++17 approach without premature abstraction
