file_map_id,package_id,package_name,file_id,file_path,format,document_type,row_grain_or_object_grain,primary_keys,secondary_join_keys,depends_on_files,referenced_by_files,canonical_role,query_usage,validation_usage,downstream_derivation_usage,notes
CBFM-001,00_release_manifest,Release Manifest,00.00,00_release_manifest/00.00_RELEASE_MANIFEST.json,json,release_manifest,one object = release manifest,release_id,package_id;file_path;expected_counts,none,00_release_manifest/00.01_RELEASE_README.md;00_release_manifest/00.02_RELEASE_COUNT_SUMMARY.csv;00_release_manifest/00.03_RELEASE_QUERY_GUIDE.md;06_rollup_indexes/06.04_CROSS_BUNDLE_FILE_MAP.csv,Defines release identity package inventory expected counts source basis and validation posture,Start from this file when validating release scope and installed package inventory,Validate package counts release status and source-basis completeness,Release-level table; package registry; validation baseline,Top-level manifest for the whole release
CBFM-002,00_release_manifest,Release Manifest,00.01,00_release_manifest/00.01_RELEASE_README.md,markdown,release_readme,one document = human-readable release overview,release_id,package_id;installation_root;source_basis,00_release_manifest/00.00_RELEASE_MANIFEST.json,01_reference_markdown/01.06_REFERENCE_SCHEMA.md;06_rollup_indexes/06.03_QUERY_PATTERNS.md;06_rollup_indexes/06.04_CROSS_BUNDLE_FILE_MAP.csv,Explains release purpose delivery mode directory layout source basis and core corrections,Use to orient human reviewers before querying package-level files,Validate that delivered files follow declared installation root and package sequence,Documentation node; release overview node; source-basis evidence,Core corrections include Metadata Injector exclusion Envelope Assembler ports Queue Runtime Layer guard flags/reports split timestamp maturity and Queue-as-Container law
CBFM-003,00_release_manifest,Release Manifest,00.02,00_release_manifest/00.02_RELEASE_COUNT_SUMMARY.csv,csv,release_count_summary,one row = count category,count_id,package_id;count_name;expected_count,00_release_manifest/00.00_RELEASE_MANIFEST.json,03_delegation_matrix/03.05_DELEGATION_MATRIX_SCHEMA.md;04_obligation_delegation/04.06_OBLIGATION_DELEGATION_SCHEMA.md;05_trace_coverage_registers/05.07_TRACE_COVERAGE_SCHEMA.md;06_rollup_indexes/06.00_PACKAGE_MANIFEST.json;06_rollup_indexes/06.04_CROSS_BUNDLE_FILE_MAP.csv,Records expected counts for packages rows responsibilities obligations gaps contracts entities and artifacts,Use to compare expected vs installed counts,Validate row-count and file-count expectations before downstream derivation,Count table; validation summary table; release QA input,Should remain aligned with package manifests and schemas
CBFM-004,00_release_manifest,Release Manifest,00.03,00_release_manifest/00.03_RELEASE_QUERY_GUIDE.md,markdown,release_query_guide,one document = release-level query guide,query_family_id,join_key;package_id;file_path,00_release_manifest/00.00_RELEASE_MANIFEST.json;00_release_manifest/00.01_RELEASE_README.md,06_rollup_indexes/06.03_QUERY_PATTERNS.md;06_rollup_indexes/06.04_CROSS_BUNDLE_FILE_MAP.csv,Provides user-facing query entry points across the release,Use for broad questions before selecting package-specific query path,Validate query families align with stable join keys and package map,Query guide node; expert-skill prompt substrate,Release-level guide is complemented by package 06 query patterns
CBFM-005,01_reference_markdown,Reference Markdown,01.00,01_reference_markdown/01.00_PACKAGE_MANIFEST.json,json,package_manifest,one object = package manifest,package_id,file_id;file_path;planned_counts,00_release_manifest/00.00_RELEASE_MANIFEST.json,01_reference_markdown/01.06_REFERENCE_SCHEMA.md;06_rollup_indexes/06.04_CROSS_BUNDLE_FILE_MAP.csv,Defines reference markdown package inventory and scope,Use to confirm the reference package is complete,Validate reference markdown file set and counts,Package registry table; file inventory source,Package 01 is the human-governance basis for packages 02 through 06
CBFM-006,01_reference_markdown,Reference Markdown,01.01,01_reference_markdown/01.01_Canonical_Delegation_Enablement_Matrix_V2.md,markdown,canonical_reference_matrix,one document = canonical textual matrix,responsibility_id,obligation_id;entity_id;governed_object_id;enablement_family_id;surface_id;contract_id;gap_id,01_reference_markdown/01.00_PACKAGE_MANIFEST.json,03_delegation_matrix/03.01_delegation_matrix_v2.csv;04_obligation_delegation/04.01_obligation_delegation_matrix_v2.csv;05_trace_coverage_registers/05.01_delegation_trace_v2.csv;06_rollup_indexes/06.01_DELEGATION_ENABLEMENT_ROLLUP_INDEX.json;06_rollup_indexes/06.04_CROSS_BUNDLE_FILE_MAP.csv,Human-readable canonical source for responsibility delegation and enablement mapping,Use to review the intended semantics behind CSV and JSON rows,Validate that machine-readable matrices preserve textual assignments and corrections,Source documentation node; semantic authority reference,Primary reference for V2 corrected delegation and enablement
CBFM-007,01_reference_markdown,Reference Markdown,01.02,01_reference_markdown/01.02_canonical_assignment_principles.md,markdown,assignment_principles,one document = assignment doctrine,principle_id,responsibility_id;entity_id;governed_object_id;enablement_family_id;surface_id,01_reference_markdown/01.00_PACKAGE_MANIFEST.json,01_reference_markdown/01.06_REFERENCE_SCHEMA.md;03_delegation_matrix/03.05_DELEGATION_MATRIX_SCHEMA.md;04_obligation_delegation/04.06_OBLIGATION_DELEGATION_SCHEMA.md;06_rollup_indexes/06.01_DELEGATION_ENABLEMENT_ROLLUP_INDEX.json,Defines responsibility vs obligation delegated entity vs governed object accountability vs execution enablement and surface principles,Use when resolving whether a subject is an actor object support entity or accountability owner,Validate anti-collapse rules and assignment correctness,Doctrine table; validation rule source; ontology rule source,Key guard source for actor/object separation and narrow mature carrier assignment
CBFM-008,01_reference_markdown,Reference Markdown,01.03,01_reference_markdown/01.03_corrected_delegation_entities.md,markdown,corrected_entities_reference,one document = corrected entity and artifact register,entity_id,governed_object_id;responsibility_id;enablement_family_id;surface_id;contract_id;gap_id,01_reference_markdown/01.00_PACKAGE_MANIFEST.json;01_reference_markdown/01.02_canonical_assignment_principles.md,02_entity_enablement_indexes/02.01_delegation_entities_index.csv;02_entity_enablement_indexes/02.04_governed_objects_index.csv;05_trace_coverage_registers/05.05_new_entities_register.csv;06_rollup_indexes/06.01_DELEGATION_ENABLEMENT_ROLLUP_INDEX.json;06_rollup_indexes/06.04_CROSS_BUNDLE_FILE_MAP.csv,Defines new promoted entities and governed artifacts including Envelope Assembler ports Log Level Envelope Delivery-Cycle Flag Set and Dispatcher Feedback Report,Use to classify corrected entities and guard non-delegates,Validate entity promotion governed artifact registration and classification-only exclusions,Entity dimension source; governed object dimension source; ontology seed source,Authoritative explanation for E-INT-011 through E-INT-014 and BCO-012 through BCO-014
CBFM-009,01_reference_markdown,Reference Markdown,01.04,01_reference_markdown/01.04_enablement_families_reference.md,markdown,enablement_families_reference,one document = enablement family reference,enablement_family_id,responsibility_id;obligation_id;entity_id;surface_id;contract_id;gap_id;doctrine_id,01_reference_markdown/01.00_PACKAGE_MANIFEST.json,02_entity_enablement_indexes/02.02_enablement_families_index.csv;03_delegation_matrix/03.01_delegation_matrix_v2.csv;04_obligation_delegation/04.01_obligation_delegation_matrix_v2.csv;06_rollup_indexes/06.01_DELEGATION_ENABLEMENT_ROLLUP_INDEX.json,Defines nine canonical enablement families and their usage constraints,Use to answer capability and surface requirement questions,Validate enablement family IDs and Metadata Injector exclusion from EN-FAM-002,Enablement dimension source; capability candidate source,Canonical source for EN-FAM-001 through EN-FAM-009
CBFM-010,01_reference_markdown,Reference Markdown,01.05,01_reference_markdown/01.05_gap_closure_delegation_coverage.md,markdown,gap_closure_reference,one document = gap closure delegation coverage,gap_id,responsibility_id;obligation_id;entity_id;governed_object_id;enablement_family_id;contract_id;doctrine_id,01_reference_markdown/01.00_PACKAGE_MANIFEST.json,05_trace_coverage_registers/05.02_gap_closure_coverage_v2.csv;05_trace_coverage_registers/05.06_trace_coverage_index.json;06_rollup_indexes/06.01_DELEGATION_ENABLEMENT_ROLLUP_INDEX.json;06_rollup_indexes/06.03_QUERY_PATTERNS.md,Explains coverage for G-001 through G-007 and the responsibilities obligations entities objects and enablements closing them,Use to answer gap closure and anti-regression questions,Validate that closure coverage is not merely mentioned but trace-complete,Gap dimension source; closure proof source; anti-regression rule source,Core human-readable basis for gap closure coverage
CBFM-011,01_reference_markdown,Reference Markdown,01.06,01_reference_markdown/01.06_REFERENCE_SCHEMA.md,markdown,reference_schema,one document = logical reference schema,schema_class_id,join_key;responsibility_id;obligation_id;entity_id;governed_object_id;enablement_family_id;surface_id;contract_id;gap_id,01_reference_markdown/01.00_PACKAGE_MANIFEST.json;00_release_manifest/00.01_RELEASE_README.md,02_entity_enablement_indexes/02.08_ENTITY_ENABLEMENT_SCHEMA.md;03_delegation_matrix/03.05_DELEGATION_MATRIX_SCHEMA.md;04_obligation_delegation/04.06_OBLIGATION_DELEGATION_SCHEMA.md;05_trace_coverage_registers/05.07_TRACE_COVERAGE_SCHEMA.md;06_rollup_indexes/06.05_ROLLUP_SCHEMA.md,Defines logical schema vocabulary record classes identifier grammar join keys and validation expectations,Use when interpreting any package schema or designing downstream database/graph models,Validate that package-specific schemas align with canonical logical schema,Logical schema source; downstream relational and graph derivation seed,Not a physical PostgreSQL schema
CBFM-012,02_entity_enablement_indexes,Entity Enablement Indexes,02.00,02_entity_enablement_indexes/02.00_PACKAGE_MANIFEST.json,json,package_manifest,one object = package manifest,package_id,file_id;file_path;planned_counts,00_release_manifest/00.00_RELEASE_MANIFEST.json;01_reference_markdown/01.06_REFERENCE_SCHEMA.md,02_entity_enablement_indexes/02.08_ENTITY_ENABLEMENT_SCHEMA.md;06_rollup_indexes/06.04_CROSS_BUNDLE_FILE_MAP.csv,Defines package 02 inventory counts validation rules and scope,Use to confirm entity enablement package completeness,Validate expected files and index counts,Package registry table; package inventory source,Package 02 provides entity enablement surface and governed object dimensions
CBFM-013,02_entity_enablement_indexes,Entity Enablement Indexes,02.01,02_entity_enablement_indexes/02.01_delegation_entities_index.csv,csv,delegation_entities_index,one row = entity-like record,entity_id,entity_name;delegation_status;actor_status;classification_status;primary_enablement_family_ids;primary_responsibility_ids;gap_trace_ids,02_entity_enablement_indexes/02.00_PACKAGE_MANIFEST.json;01_reference_markdown/01.03_corrected_delegation_entities.md,03_delegation_matrix/03.01_delegation_matrix_v2.csv;03_delegation_matrix/03.03_delegation_entity_load_summary.csv;04_obligation_delegation/04.01_obligation_delegation_matrix_v2.csv;05_trace_coverage_registers/05.05_new_entities_register.csv;06_rollup_indexes/06.01_DELEGATION_ENABLEMENT_ROLLUP_INDEX.json,Flat index of delegated entities external counterparties runtime/state entities governed runtime records and classification-only records,Use to resolve entity status responsibility load and classification guards,Validate QUEUE-RUNTIME-LAYER classification-only and E-INT-001 accountability-only behavior,Entity dimension table; entity status table; graph Entity nodes,Primary entity lookup file
CBFM-014,02_entity_enablement_indexes,Entity Enablement Indexes,02.02,02_entity_enablement_indexes/02.02_enablement_families_index.csv,csv,enablement_families_index,one row = enablement family,enablement_family_id,used_by_entity_ids;enabled_responsibility_ids;preserved_obligation_ids;primary_surface_types;contract_trace_ids;gap_trace_ids;doctrine_trace_ids,02_entity_enablement_indexes/02.00_PACKAGE_MANIFEST.json;01_reference_markdown/01.04_enablement_families_reference.md,03_delegation_matrix/03.01_delegation_matrix_v2.csv;04_obligation_delegation/04.01_obligation_delegation_matrix_v2.csv;05_trace_coverage_registers/05.01_delegation_trace_v2.csv;06_rollup_indexes/06.01_DELEGATION_ENABLEMENT_ROLLUP_INDEX.json,Flat index of nine canonical enablement families,Use to find what capability family enables a responsibility or entity,Validate no noncanonical enablement IDs and Metadata Injector exclusion from EN-FAM-002,Enablement dimension table; capability family nodes,Expected count is 9
CBFM-015,02_entity_enablement_indexes,Entity Enablement Indexes,02.03,02_entity_enablement_indexes/02.03_surfaces_index.csv,csv,surfaces_index,one row = surface type,surface_id,surface_name;surface_class;used_by_entity_ids;responsibility_ids;enablement_family_ids,02_entity_enablement_indexes/02.00_PACKAGE_MANIFEST.json;01_reference_markdown/01.02_canonical_assignment_principles.md,03_delegation_matrix/03.01_delegation_matrix_v2.csv;04_obligation_delegation/04.01_obligation_delegation_matrix_v2.csv;05_trace_coverage_registers/05.01_delegation_trace_v2.csv;06_rollup_indexes/06.01_DELEGATION_ENABLEMENT_ROLLUP_INDEX.json,Flat index of base and derived surface types,Use to filter responsibilities by administrative managerial consuming boundary contractual observability or cross-surface exposure,Validate Three Surface Law and observability derived classification,Surface dimension table; graph Surface nodes,Six base surfaces plus one derived cross-surface classification
CBFM-016,02_entity_enablement_indexes,Entity Enablement Indexes,02.04,02_entity_enablement_indexes/02.04_governed_objects_index.csv,csv,governed_objects_index,one row = governed object or artifact,governed_object_id,object_name;object_class;actor_status;governed_by_entity_ids;responsibility_ids;gap_trace_ids,02_entity_enablement_indexes/02.00_PACKAGE_MANIFEST.json;01_reference_markdown/01.03_corrected_delegation_entities.md,03_delegation_matrix/03.01_delegation_matrix_v2.csv;04_obligation_delegation/04.01_obligation_delegation_matrix_v2.csv;05_trace_coverage_registers/05.05_new_entities_register.csv;06_rollup_indexes/06.01_DELEGATION_ENABLEMENT_ROLLUP_INDEX.json,Flat index of governed objects including carriers state artifacts locators flags and reports,Use to answer actor-vs-object and governed artifact questions,Validate BCO-012 BCO-013 BCO-014 remain governed artifacts not actors,Governed object dimension table; graph GovernedObject nodes,Primary actor guard source
CBFM-017,02_entity_enablement_indexes,Entity Enablement Indexes,02.05,02_entity_enablement_indexes/02.05_ports_and_contract_surfaces_index.csv,csv,ports_contract_surfaces_index,one row = port or contract surface,port_surface_id,entity_id;surface_id;contract_trace_ids;responsibility_ids;boundary_role,02_entity_enablement_indexes/02.00_PACKAGE_MANIFEST.json;01_reference_markdown/01.03_corrected_delegation_entities.md,03_delegation_matrix/03.01_delegation_matrix_v2.csv;05_trace_coverage_registers/05.03_contract_to_responsibility_to_entity_trace.csv;06_rollup_indexes/06.01_DELEGATION_ENABLEMENT_ROLLUP_INDEX.json,Indexes Envelope Assembler Assembler Ingress Port Administrative/Ecosystem Port and Registry/Delivery Port as concrete contract surfaces,Use to resolve port responsibilities and contract boundary roles,Validate that generic contract layer is decomposed into concrete port-like surfaces,Port dimension table; contract surface table; graph Port nodes,Preserves Registry/Delivery Port as surface not Dispatcher replacement
CBFM-018,02_entity_enablement_indexes,Entity Enablement Indexes,02.06,02_entity_enablement_indexes/02.06_policy_consuming_components_index.csv,csv,policy_consuming_components_index,one row = policy-consuming component or exclusion,policy_component_row_id,entity_id;policy_consuming_status;enablement_family_ids;responsibility_ids;exclusion_reason,02_entity_enablement_indexes/02.00_PACKAGE_MANIFEST.json;01_reference_markdown/01.04_enablement_families_reference.md,04_obligation_delegation/04.01_obligation_delegation_matrix_v2.csv;05_trace_coverage_registers/05.04_taxonomy_update_register.csv;06_rollup_indexes/06.01_DELEGATION_ENABLEMENT_ROLLUP_INDEX.json,Indexes policy-consuming components and explicit Metadata Injector exclusion,Use to answer whether an entity consumes policy or hosts policy mechanisms,Validate Metadata Injector is excluded from policy-consuming components and EN-FAM-002,Policy component table; policy host guard table,Important anti-collapse source
CBFM-019,02_entity_enablement_indexes,Entity Enablement Indexes,02.07,02_entity_enablement_indexes/02.07_entity_enablement_index.json,json,entity_enablement_index,one object = nested entity-enablements crosswalk,entity_id,enablement_family_id;surface_id;responsibility_id;contract_id;gap_id,02_entity_enablement_indexes/02.00_PACKAGE_MANIFEST.json;02_entity_enablement_indexes/02.01_delegation_entities_index.csv;02_entity_enablement_indexes/02.02_enablement_families_index.csv;02_entity_enablement_indexes/02.03_surfaces_index.csv;02_entity_enablement_indexes/02.04_governed_objects_index.csv;02_entity_enablement_indexes/02.05_ports_and_contract_surfaces_index.csv;02_entity_enablement_indexes/02.06_policy_consuming_components_index.csv,06_rollup_indexes/06.01_DELEGATION_ENABLEMENT_ROLLUP_INDEX.json;06_rollup_indexes/06.04_CROSS_BUNDLE_FILE_MAP.csv,Nested crosswalk linking entities to enablements surfaces governed objects responsibilities contracts and gaps,Use for reverse lookups from entity to enablement and from enablement to entity,Validate nested index agrees with flat CSV indexes,JSONB candidate; graph adjacency source; entity-enablements rollup,Machine-readable index for package 02
CBFM-020,02_entity_enablement_indexes,Entity Enablement Indexes,02.08,02_entity_enablement_indexes/02.08_ENTITY_ENABLEMENT_SCHEMA.md,markdown,entity_enablement_schema,one document = package schema,schema_section_id,entity_id;governed_object_id;enablement_family_id;surface_id;policy_component_row_id,02_entity_enablement_indexes/02.00_PACKAGE_MANIFEST.json;01_reference_markdown/01.06_REFERENCE_SCHEMA.md,06_rollup_indexes/06.05_ROLLUP_SCHEMA.md;06_rollup_indexes/06.04_CROSS_BUNDLE_FILE_MAP.csv,Defines schema rules for entity enablement surfaces ports governed objects and policy-consumption indexes,Use to interpret package 02 CSV/JSON fields,Validate package 02 identifier rules row grains and required columns,Schema documentation node; relational derivation guidance,Package-specific schema reference
CBFM-021,03_delegation_matrix,Delegation Matrix,03.00,03_delegation_matrix/03.00_PACKAGE_MANIFEST.json,json,package_manifest,one object = package manifest,package_id,file_id;file_path;planned_counts,00_release_manifest/00.00_RELEASE_MANIFEST.json;01_reference_markdown/01.06_REFERENCE_SCHEMA.md,03_delegation_matrix/03.05_DELEGATION_MATRIX_SCHEMA.md;06_rollup_indexes/06.04_CROSS_BUNDLE_FILE_MAP.csv,Defines package 03 inventory counts and validation rules,Use to confirm delegation matrix package completeness,Validate expected delegation files and row counts,Package registry table; package inventory source,Package 03 is the canonical responsibility-to-entity matrix
CBFM-022,03_delegation_matrix,Delegation Matrix,03.01,03_delegation_matrix/03.01_delegation_matrix_v2.csv,csv,delegation_matrix_v2,one row = one top-level canonical responsibility,delegation_id,responsibility_id;responsibility_family_id;obligation_ids;primary_delegated_entity_ids;governed_object_ids;enablement_family_ids;surface_ids;contract_trace_ids;gap_trace_ids;doctrine_trace_ids,03_delegation_matrix/03.00_PACKAGE_MANIFEST.json;01_reference_markdown/01.01_Canonical_Delegation_Enablement_Matrix_V2.md;01_reference_markdown/01.06_REFERENCE_SCHEMA.md,04_obligation_delegation/04.01_obligation_delegation_matrix_v2.csv;05_trace_coverage_registers/05.01_delegation_trace_v2.csv;06_rollup_indexes/06.01_DELEGATION_ENABLEMENT_ROLLUP_INDEX.json;06_rollup_indexes/06.02_JOIN_KEYS_REFERENCE.csv;06_rollup_indexes/06.03_QUERY_PATTERNS.md,Flat canonical responsibility-to-entity delegation matrix for 49 top-level responsibilities,Use to answer which entity carries a responsibility and what it governs,Validate 49 responsibility rows and required delegation fields,Responsibilities table; responsibility_entity joins; responsibility_enablement joins; graph edges,Primary machine-readable responsibility matrix
CBFM-023,03_delegation_matrix,Delegation Matrix,03.02,03_delegation_matrix/03.02_delegation_matrix_by_family_v2.csv,csv,delegation_matrix_by_family,one row = one responsibility under explicit family grouping,family_row_id,responsibility_family_id;responsibility_id;primary_delegated_entity_ids;enablement_family_ids;gap_trace_ids,03_delegation_matrix/03.00_PACKAGE_MANIFEST.json;03_delegation_matrix/03.01_delegation_matrix_v2.csv,06_rollup_indexes/06.01_DELEGATION_ENABLEMENT_ROLLUP_INDEX.json;06_rollup_indexes/06.03_QUERY_PATTERNS.md,Family-grouped view of the same 49 responsibility rows,Use for family review and family-scoped queries,Validate each responsibility belongs to exactly one family,Responsibility family join table; grouped view source,Same semantic content as 03.01 with family-first row order
CBFM-024,03_delegation_matrix,Delegation Matrix,03.03,03_delegation_matrix/03.03_delegation_entity_load_summary.csv,csv,delegation_entity_load_summary,one row = entity load summary,entity_id,primary_responsibility_count;supporting_responsibility_count;primary_responsibility_ids;supporting_responsibility_ids;enablement_family_ids;gap_trace_ids,03_delegation_matrix/03.00_PACKAGE_MANIFEST.json;03_delegation_matrix/03.01_delegation_matrix_v2.csv;02_entity_enablement_indexes/02.01_delegation_entities_index.csv,06_rollup_indexes/06.01_DELEGATION_ENABLEMENT_ROLLUP_INDEX.json;06_rollup_indexes/06.03_QUERY_PATTERNS.md,Aggregates responsibility load per delegated entity,Use to answer which responsibilities belong to an entity,Validate entity load is consistent with 03.01 delegation rows,Entity load view; denormalized reporting table,Supports workload and responsibility distribution review
CBFM-025,03_delegation_matrix,Delegation Matrix,03.04,03_delegation_matrix/03.04_delegation_matrix_index.json,json,delegation_matrix_index,one object = nested delegation matrix index,responsibility_id,delegation_id;responsibility_family_id;entity_id;governed_object_id;enablement_family_id;surface_id;contract_id;gap_id,03_delegation_matrix/03.00_PACKAGE_MANIFEST.json;03_delegation_matrix/03.01_delegation_matrix_v2.csv;03_delegation_matrix/03.02_delegation_matrix_by_family_v2.csv;03_delegation_matrix/03.03_delegation_entity_load_summary.csv,06_rollup_indexes/06.01_DELEGATION_ENABLEMENT_ROLLUP_INDEX.json;06_rollup_indexes/06.04_CROSS_BUNDLE_FILE_MAP.csv,Nested JSON rollup for responsibility delegation and family/entity views,Use for programmatic navigation without parsing CSV manually,Validate JSON rollup agrees with flat matrices,JSONB candidate; graph adjacency source,Package 03 machine-readable rollup
CBFM-026,03_delegation_matrix,Delegation Matrix,03.05,03_delegation_matrix/03.05_DELEGATION_MATRIX_SCHEMA.md,markdown,delegation_matrix_schema,one document = package schema,schema_section_id,responsibility_id;delegation_id;entity_id;governed_object_id;enablement_family_id;surface_id,03_delegation_matrix/03.00_PACKAGE_MANIFEST.json;01_reference_markdown/01.06_REFERENCE_SCHEMA.md,06_rollup_indexes/06.05_ROLLUP_SCHEMA.md;06_rollup_indexes/06.04_CROSS_BUNDLE_FILE_MAP.csv,Defines schema validation rules and derivation guidance for responsibility delegation matrix files,Use to interpret package 03 fields and row grains,Validate package 03 identifier rules and 49-row responsibility coverage,Schema documentation node; relational derivation guidance,Package-specific schema reference
CBFM-027,04_obligation_delegation,Obligation Delegation,04.00,04_obligation_delegation/04.00_PACKAGE_MANIFEST.json,json,package_manifest,one object = package manifest,package_id,file_id;file_path;planned_counts,00_release_manifest/00.00_RELEASE_MANIFEST.json;01_reference_markdown/01.06_REFERENCE_SCHEMA.md,04_obligation_delegation/04.06_OBLIGATION_DELEGATION_SCHEMA.md;06_rollup_indexes/06.04_CROSS_BUNDLE_FILE_MAP.csv,Defines package 04 inventory counts and validation rules,Use to confirm obligation delegation package completeness,Validate expected obligation files and expansion counts,Package registry table; package inventory source,Package 04 is the canonical obligation-enforcement layer
CBFM-028,04_obligation_delegation,Obligation Delegation,04.01,04_obligation_delegation/04.01_obligation_delegation_matrix_v2.csv,csv,obligation_delegation_matrix_v2,one row = one top-level canonical obligation,obligation_delegation_id,obligation_id;responsibility_id;responsibility_family_id;primary_enforcing_entity_ids;governed_object_ids;enablement_family_ids;surface_ids;contract_trace_ids;gap_trace_ids;doctrine_trace_ids,04_obligation_delegation/04.00_PACKAGE_MANIFEST.json;03_delegation_matrix/03.01_delegation_matrix_v2.csv;01_reference_markdown/01.06_REFERENCE_SCHEMA.md,05_trace_coverage_registers/05.01_delegation_trace_v2.csv;06_rollup_indexes/06.01_DELEGATION_ENABLEMENT_ROLLUP_INDEX.json;06_rollup_indexes/06.02_JOIN_KEYS_REFERENCE.csv;06_rollup_indexes/06.03_QUERY_PATTERNS.md,Flat top-level obligation-to-entity enforcement matrix for 49 obligations,Use to answer which entity enforces an obligation and what anti-collapse rule applies,Validate numerical alignment OBL-CAN-### to RSP-CAN-### and required enforcement fields,Obligations table; obligation_entity joins; obligation_enablement joins; graph edges,Primary machine-readable obligation matrix
CBFM-029,04_obligation_delegation,Obligation Delegation,04.02,04_obligation_delegation/04.02_sub_responsibility_delegation_v2.csv,csv,sub_responsibility_delegation,one row = one structured sub-responsibility,sub_responsibility_delegation_id,sub_responsibility_id;parent_responsibility_id;parent_obligation_id;governed_object_ids;enablement_family_ids;surface_ids;gap_trace_ids,04_obligation_delegation/04.00_PACKAGE_MANIFEST.json;04_obligation_delegation/04.01_obligation_delegation_matrix_v2.csv,04_obligation_delegation/04.03_delivery_cycle_flags_delegation.csv;04_obligation_delegation/04.04_dispatcher_feedback_reports_delegation.csv;05_trace_coverage_registers/05.02_gap_closure_coverage_v2.csv;06_rollup_indexes/06.01_DELEGATION_ENABLEMENT_ROLLUP_INDEX.json,Combined sub-responsibility matrix for delivery-cycle flags and dispatcher feedback reports,Use to query detailed expansions under RSP-CAN-025 and RSP-CAN-048,Validate 12 sub-responsibility rows and correct parent responsibility/obligation links,Sub-responsibility table; expansion join table,Parent groups are delivery_cycle_flags and dispatcher_feedback_reports
CBFM-030,04_obligation_delegation,Obligation Delegation,04.03,04_obligation_delegation/04.03_delivery_cycle_flags_delegation.csv,csv,delivery_cycle_flags_delegation,one row = one delivery-cycle flag,flag_delegation_id,sub_responsibility_id;parent_responsibility_id;parent_obligation_id;governed_object_id;enablement_family_id;surface_id;gap_trace_ids,04_obligation_delegation/04.00_PACKAGE_MANIFEST.json;04_obligation_delegation/04.02_sub_responsibility_delegation_v2.csv,05_trace_coverage_registers/05.02_gap_closure_coverage_v2.csv;06_rollup_indexes/06.01_DELEGATION_ENABLEMENT_ROLLUP_INDEX.json;06_rollup_indexes/06.03_QUERY_PATTERNS.md,Dedicated delegation table for seven delivery-cycle flags under RSP-CAN-025,Use to list compact post-delivery state flags,Validate all rows govern BCO-013 and do not govern BCO-014,Delivery-cycle flag table; dispatcher state artifact table,Must remain separate from dispatcher feedback reports
CBFM-031,04_obligation_delegation,Obligation Delegation,04.04,04_obligation_delegation/04.04_dispatcher_feedback_reports_delegation.csv,csv,dispatcher_feedback_reports_delegation,one row = one dispatcher feedback report,report_delegation_id,sub_responsibility_id;parent_responsibility_id;parent_obligation_id;governed_object_id;enablement_family_id;surface_id;gap_trace_ids,04_obligation_delegation/04.00_PACKAGE_MANIFEST.json;04_obligation_delegation/04.02_sub_responsibility_delegation_v2.csv,05_trace_coverage_registers/05.02_gap_closure_coverage_v2.csv;06_rollup_indexes/06.01_DELEGATION_ENABLEMENT_ROLLUP_INDEX.json;06_rollup_indexes/06.03_QUERY_PATTERNS.md,Dedicated delegation table for five dispatcher feedback reports under RSP-CAN-048,Use to list detailed diagnostic/reporting artifacts,Validate all rows govern BCO-014 and do not govern BCO-013,Dispatcher feedback report table; observability artifact table,Must remain separate from delivery-cycle flags
CBFM-032,04_obligation_delegation,Obligation Delegation,04.05,04_obligation_delegation/04.05_obligation_delegation_index.json,json,obligation_delegation_index,one object = nested obligation delegation index,obligation_id,responsibility_id;obligation_delegation_id;entity_id;governed_object_id;enablement_family_id;surface_id;gap_id,04_obligation_delegation/04.00_PACKAGE_MANIFEST.json;04_obligation_delegation/04.01_obligation_delegation_matrix_v2.csv;04_obligation_delegation/04.02_sub_responsibility_delegation_v2.csv;04_obligation_delegation/04.03_delivery_cycle_flags_delegation.csv;04_obligation_delegation/04.04_dispatcher_feedback_reports_delegation.csv,06_rollup_indexes/06.01_DELEGATION_ENABLEMENT_ROLLUP_INDEX.json;06_rollup_indexes/06.04_CROSS_BUNDLE_FILE_MAP.csv,Nested JSON rollup for top-level obligations and flag/report expansions,Use for programmatic obligation enforcement lookups,Validate JSON rollup agrees with flat obligation CSVs,JSONB candidate; graph adjacency source,Package 04 machine-readable rollup
CBFM-033,04_obligation_delegation,Obligation Delegation,04.06,04_obligation_delegation/04.06_OBLIGATION_DELEGATION_SCHEMA.md,markdown,obligation_delegation_schema,one document = package schema,schema_section_id,obligation_id;responsibility_id;sub_responsibility_id;entity_id;governed_object_id;enablement_family_id,04_obligation_delegation/04.00_PACKAGE_MANIFEST.json;01_reference_markdown/01.06_REFERENCE_SCHEMA.md,06_rollup_indexes/06.05_ROLLUP_SCHEMA.md;06_rollup_indexes/06.04_CROSS_BUNDLE_FILE_MAP.csv,Defines schema validation rules and derivation guidance for obligation delegation package,Use to interpret package 04 fields row grains and special expansions,Validate 49 obligations 12 sub-responsibilities 7 flags and 5 reports,Schema documentation node; relational derivation guidance,Package-specific schema reference
CBFM-034,05_trace_coverage_registers,Trace Coverage Registers,05.00,05_trace_coverage_registers/05.00_PACKAGE_MANIFEST.json,json,package_manifest,one object = package manifest,package_id,file_id;file_path;planned_counts,00_release_manifest/00.00_RELEASE_MANIFEST.json;01_reference_markdown/01.06_REFERENCE_SCHEMA.md,05_trace_coverage_registers/05.07_TRACE_COVERAGE_SCHEMA.md;06_rollup_indexes/06.04_CROSS_BUNDLE_FILE_MAP.csv,Defines package 05 inventory counts trace scope and validation rules,Use to confirm trace coverage package completeness,Validate expected trace files and counts,Package registry table; package inventory source,Package 05 is the coverage verification layer
CBFM-035,05_trace_coverage_registers,Trace Coverage Registers,05.01,05_trace_coverage_registers/05.01_delegation_trace_v2.csv,csv,delegation_trace_v2,one row = one top-level responsibility trace record,trace_id,delegation_id;responsibility_id;obligation_id;responsibility_family_id;primary_delegated_entity_ids;governed_object_ids;enablement_family_ids;surface_ids;contract_trace_ids;gap_trace_ids;doctrine_trace_ids,05_trace_coverage_registers/05.00_PACKAGE_MANIFEST.json;03_delegation_matrix/03.01_delegation_matrix_v2.csv;04_obligation_delegation/04.01_obligation_delegation_matrix_v2.csv,06_rollup_indexes/06.01_DELEGATION_ENABLEMENT_ROLLUP_INDEX.json;06_rollup_indexes/06.02_JOIN_KEYS_REFERENCE.csv;06_rollup_indexes/06.03_QUERY_PATTERNS.md,Flat trace register linking each responsibility to obligation delegation entity object enablement surface contract gap doctrine and taxonomy,Use as primary evidence chain for responsibility trace answers,Validate every RSP-CAN-001 through RSP-CAN-049 has covered or adequate trace,Trace table; responsibility evidence table; graph edge source,Primary trace evidence file
CBFM-036,05_trace_coverage_registers,Trace Coverage Registers,05.02,05_trace_coverage_registers/05.02_gap_closure_coverage_v2.csv,csv,gap_closure_coverage,one row = one core gap closure coverage record,gap_coverage_id,gap_id;covering_responsibility_ids;preserving_obligation_ids;delegated_entity_ids;governed_object_ids;enablement_family_ids;surface_ids;contract_trace_ids;doctrine_trace_ids;taxonomy_trace_ids,05_trace_coverage_registers/05.00_PACKAGE_MANIFEST.json;01_reference_markdown/01.05_gap_closure_delegation_coverage.md,06_rollup_indexes/06.01_DELEGATION_ENABLEMENT_ROLLUP_INDEX.json;06_rollup_indexes/06.02_JOIN_KEYS_REFERENCE.csv;06_rollup_indexes/06.03_QUERY_PATTERNS.md,Proof register for seven gap closures including coverage statements and anti-regression rules,Use to answer what closes a gap and what prevents regression,Validate all G-001 through G-007 are covered with required dimensions,Gap closure table; anti-regression rule table; graph Gap nodes,Primary gap closure evidence file
CBFM-037,05_trace_coverage_registers,Trace Coverage Registers,05.03,05_trace_coverage_registers/05.03_contract_to_responsibility_to_entity_trace.csv,csv,contract_to_responsibility_to_entity_trace,one row = one canonical contract trace cluster,contract_trace_row_id,contract_id;contract_family_id;responsibility_ids;obligation_ids;primary_delegated_entity_ids;governed_object_ids;enablement_family_ids;surface_ids;gap_trace_ids;doctrine_trace_ids,05_trace_coverage_registers/05.00_PACKAGE_MANIFEST.json;01_reference_markdown/01.01_Canonical_Delegation_Enablement_Matrix_V2.md,06_rollup_indexes/06.01_DELEGATION_ENABLEMENT_ROLLUP_INDEX.json;06_rollup_indexes/06.02_JOIN_KEYS_REFERENCE.csv;06_rollup_indexes/06.03_QUERY_PATTERNS.md,Maps canonical contracts to derived responsibilities obligations entities objects enablements surfaces gaps and doctrines,Use to answer which responsibilities derive from a contract,Validate 26 canonical contract trace rows and contract-family membership,Contract trace table; contract-responsibility join table; graph Contract edges,Primary contract derivation evidence file
CBFM-038,05_trace_coverage_registers,Trace Coverage Registers,05.04,05_trace_coverage_registers/05.04_taxonomy_update_register.csv,csv,taxonomy_update_register,one row = one taxonomy update,taxonomy_update_id,subject_id;subject_type;update_category;related_responsibility_ids;related_gap_ids;ontology_seed_status,05_trace_coverage_registers/05.00_PACKAGE_MANIFEST.json;01_reference_markdown/01.03_corrected_delegation_entities.md;01_reference_markdown/01.05_gap_closure_delegation_coverage.md,06_rollup_indexes/06.01_DELEGATION_ENABLEMENT_ROLLUP_INDEX.json;06_rollup_indexes/06.03_QUERY_PATTERNS.md,Registers promotions corrections splits exclusions terminology corrections and ontology seed candidates,Use to find why a concept changed status and what guard applies,Validate taxonomy updates include subject reason and anti-collapse rule,Taxonomy update table; ontology seed candidate table,Includes Metadata Injector exclusion Queue-as-Container correction and contract-surface decomposition
CBFM-039,05_trace_coverage_registers,Trace Coverage Registers,05.05,05_trace_coverage_registers/05.05_new_entities_register.csv,csv,new_entities_register,one row = one new/promoted entity or governed artifact,new_entity_register_id,entity_or_object_id;record_kind;canonical_status;responsibility_ids;governed_by_entity_ids;enablement_family_ids;gap_trace_ids;ontology_seed_status,05_trace_coverage_registers/05.00_PACKAGE_MANIFEST.json;01_reference_markdown/01.03_corrected_delegation_entities.md,02_entity_enablement_indexes/02.01_delegation_entities_index.csv;02_entity_enablement_indexes/02.04_governed_objects_index.csv;06_rollup_indexes/06.01_DELEGATION_ENABLEMENT_ROLLUP_INDEX.json;06_rollup_indexes/06.03_QUERY_PATTERNS.md,Registers E-INT-011..014 and BCO-012..014 as new/promoted entities or governed artifacts,Use to confirm actor/entity versus governed-artifact status,Validate 4 delegated entities and 3 governed artifacts with ontology seed status,New entity table; governed artifact table; ontology seed candidate table,Primary source for new/promoted subject registry
CBFM-040,05_trace_coverage_registers,Trace Coverage Registers,05.06,05_trace_coverage_registers/05.06_trace_coverage_index.json,json,trace_coverage_index,one object = nested trace coverage rollup,trace_id,gap_id;contract_id;taxonomy_update_id;entity_or_object_id;responsibility_id;obligation_id,05_trace_coverage_registers/05.00_PACKAGE_MANIFEST.json;05_trace_coverage_registers/05.01_delegation_trace_v2.csv;05_trace_coverage_registers/05.02_gap_closure_coverage_v2.csv;05_trace_coverage_registers/05.03_contract_to_responsibility_to_entity_trace.csv;05_trace_coverage_registers/05.04_taxonomy_update_register.csv;05_trace_coverage_registers/05.05_new_entities_register.csv,06_rollup_indexes/06.01_DELEGATION_ENABLEMENT_ROLLUP_INDEX.json;06_rollup_indexes/06.04_CROSS_BUNDLE_FILE_MAP.csv,Nested machine-readable trace coverage index for responsibilities gaps contracts taxonomy updates and new subjects,Use for programmatic trace navigation and ontology-seed extraction,Validate nested coverage agrees with flat trace registers,JSONB candidate; graph adjacency source; ontology seed rollup,Package 05 machine-readable rollup
CBFM-041,05_trace_coverage_registers,Trace Coverage Registers,05.07,05_trace_coverage_registers/05.07_TRACE_COVERAGE_SCHEMA.md,markdown,trace_coverage_schema,one document = package schema,schema_section_id,trace_id;gap_id;contract_id;taxonomy_update_id;new_entity_register_id;responsibility_id;obligation_id,05_trace_coverage_registers/05.00_PACKAGE_MANIFEST.json;01_reference_markdown/01.06_REFERENCE_SCHEMA.md,06_rollup_indexes/06.05_ROLLUP_SCHEMA.md;06_rollup_indexes/06.04_CROSS_BUNDLE_FILE_MAP.csv,Defines schema validation rules query model and derivation guidance for trace coverage registers,Use to interpret package 05 row grains and coverage rules,Validate trace counts gap closure coverage contract trace taxonomy update and new entity counts,Schema documentation node; relational derivation guidance,Package-specific schema reference
CBFM-042,06_rollup_indexes,Rollup Indexes,06.00,06_rollup_indexes/06.00_PACKAGE_MANIFEST.json,json,package_manifest,one object = package manifest,package_id,file_id;file_path;planned_counts,00_release_manifest/00.00_RELEASE_MANIFEST.json;01_reference_markdown/01.06_REFERENCE_SCHEMA.md;05_trace_coverage_registers/05.07_TRACE_COVERAGE_SCHEMA.md,06_rollup_indexes/06.01_DELEGATION_ENABLEMENT_ROLLUP_INDEX.json;06_rollup_indexes/06.02_JOIN_KEYS_REFERENCE.csv;06_rollup_indexes/06.03_QUERY_PATTERNS.md;06_rollup_indexes/06.04_CROSS_BUNDLE_FILE_MAP.csv;06_rollup_indexes/06.05_ROLLUP_SCHEMA.md,Defines rollup package identity counts dependencies validation rules and downstream derivation guidance,Use to confirm rollup package scope and file inventory,Validate 06 package has no new semantics and preserves all upstream counts,Package registry table; rollup package source,Package 06 is the release-level query/navigation layer
CBFM-043,06_rollup_indexes,Rollup Indexes,06.01,06_rollup_indexes/06.01_DELEGATION_ENABLEMENT_ROLLUP_INDEX.json,json,delegation_enablement_rollup_index,one object = cross-package rollup index,responsibility_id,obligation_id;entity_id;governed_object_id;enablement_family_id;surface_id;contract_id;gap_id;doctrine_id;taxonomy_update_id,06_rollup_indexes/06.00_PACKAGE_MANIFEST.json;03_delegation_matrix/03.04_delegation_matrix_index.json;04_obligation_delegation/04.05_obligation_delegation_index.json;05_trace_coverage_registers/05.06_trace_coverage_index.json,06_rollup_indexes/06.02_JOIN_KEYS_REFERENCE.csv;06_rollup_indexes/06.03_QUERY_PATTERNS.md;06_rollup_indexes/06.04_CROSS_BUNDLE_FILE_MAP.csv;06_rollup_indexes/06.05_ROLLUP_SCHEMA.md,Machine-readable cross-package navigation index for delegation enablement obligation trace gaps contracts taxonomy and guards,Use as primary programmatic rollup for most cross-package questions,Validate cross-package reachability and anti-collapse guards,Rollup fact table; JSONB rollup source; graph adjacency source; ontology seed source,Must not introduce new canonical semantics
CBFM-044,06_rollup_indexes,Rollup Indexes,06.02,06_rollup_indexes/06.02_JOIN_KEYS_REFERENCE.csv,csv,join_keys_reference,one row = join key definition,join_key_id,join_key_name;key_namespace;key_pattern;primary_source_file;target_files;validation_rule,06_rollup_indexes/06.00_PACKAGE_MANIFEST.json;01_reference_markdown/01.06_REFERENCE_SCHEMA.md,06_rollup_indexes/06.03_QUERY_PATTERNS.md;06_rollup_indexes/06.04_CROSS_BUNDLE_FILE_MAP.csv;06_rollup_indexes/06.05_ROLLUP_SCHEMA.md,Defines canonical join keys namespaces source files target files cardinality and validation notes,Use to know how to join CSV and JSON files safely,Validate ID grammar join cardinality and semicolon multi-value behavior,Join-key table; relational FK planning source; graph edge key source,Primary join-key reference for downstream derivation
CBFM-045,06_rollup_indexes,Rollup Indexes,06.03,06_rollup_indexes/06.03_QUERY_PATTERNS.md,markdown,query_patterns_reference,one document = query pattern reference,query_family_id,join_key;file_path;responsibility_id;obligation_id;entity_id;gap_id;contract_id,06_rollup_indexes/06.00_PACKAGE_MANIFEST.json;06_rollup_indexes/06.01_DELEGATION_ENABLEMENT_ROLLUP_INDEX.json;06_rollup_indexes/06.02_JOIN_KEYS_REFERENCE.csv,06_rollup_indexes/06.04_CROSS_BUNDLE_FILE_MAP.csv;06_rollup_indexes/06.05_ROLLUP_SCHEMA.md,Documents query families lookup paths expected outputs direct answers and invalid answer patterns,Use to answer responsibility obligation entity enablement gap contract guard and validation questions,Validate query patterns preserve anti-collapse and source file dependencies,Query pattern table; CLI help source; expert-skill prompt source,Human-facing guide for package 06 rollup queries
CBFM-046,06_rollup_indexes,Rollup Indexes,06.04,06_rollup_indexes/06.04_CROSS_BUNDLE_FILE_MAP.csv,csv,cross_bundle_file_map,one row = one release file,cross_bundle_file_map_id,file_path;package_id;format;document_type;primary_keys;secondary_join_keys;depends_on_files;referenced_by_files,06_rollup_indexes/06.00_PACKAGE_MANIFEST.json;00_release_manifest/00.00_RELEASE_MANIFEST.json,06_rollup_indexes/06.05_ROLLUP_SCHEMA.md,Maps every release file to package format role row grain key fields dependencies downstream use and validation use,Use to locate the correct file for a query or derivation task,Validate no package file is orphaned and every major file has declared dependencies,File map table; lineage table; documentation graph source,This file is the cross-bundle navigation map
CBFM-047,06_rollup_indexes,Rollup Indexes,06.05,06_rollup_indexes/06.05_ROLLUP_SCHEMA.md,markdown,rollup_schema,one document = rollup schema reference,schema_section_id,join_key_id;file_map_id;query_family_id;responsibility_id;gap_id;contract_id,06_rollup_indexes/06.00_PACKAGE_MANIFEST.json;06_rollup_indexes/06.01_DELEGATION_ENABLEMENT_ROLLUP_INDEX.json;06_rollup_indexes/06.02_JOIN_KEYS_REFERENCE.csv;06_rollup_indexes/06.03_QUERY_PATTERNS.md;06_rollup_indexes/06.04_CROSS_BUNDLE_FILE_MAP.csv,07_packages/07.07_full_release_optional_pack.zip,Defines schema for the rollup package including rollup index join keys query patterns cross-bundle map and validation rules,Use to interpret all package 06 files and downstream rollup derivation,Validate rollup no-new-semantics rule and cross-bundle coverage,Schema documentation node; downstream relational and graph derivation guidance,Final schema file for rollup package
CBFM-048,07_packages,Packages,07.01,07_packages/07.01_reference_markdown_pack.zip,zip,reference_markdown_pack_archive,one archive = package 01 bundle,archive_path,package_id;included_file_paths,01_reference_markdown/01.00_PACKAGE_MANIFEST.json;01_reference_markdown/01.01_Canonical_Delegation_Enablement_Matrix_V2.md;01_reference_markdown/01.02_canonical_assignment_principles.md;01_reference_markdown/01.03_corrected_delegation_entities.md;01_reference_markdown/01.04_enablement_families_reference.md;01_reference_markdown/01.05_gap_closure_delegation_coverage.md;01_reference_markdown/01.06_REFERENCE_SCHEMA.md,07_packages/07.07_full_release_optional_pack.zip,Optional archive wrapper for reference markdown package,Use only for packaging and transfer not semantic lookup,Validate archive includes all package 01 files,Packaging artifact only,If not produced file-by-file delivery remains canonical
CBFM-049,07_packages,Packages,07.02,07_packages/07.02_entity_enablement_indexes_pack.zip,zip,entity_enablement_indexes_pack_archive,one archive = package 02 bundle,archive_path,package_id;included_file_paths,02_entity_enablement_indexes/02.00_PACKAGE_MANIFEST.json;02_entity_enablement_indexes/02.01_delegation_entities_index.csv;02_entity_enablement_indexes/02.02_enablement_families_index.csv;02_entity_enablement_indexes/02.03_surfaces_index.csv;02_entity_enablement_indexes/02.04_governed_objects_index.csv;02_entity_enablement_indexes/02.05_ports_and_contract_surfaces_index.csv;02_entity_enablement_indexes/02.06_policy_consuming_components_index.csv;02_entity_enablement_indexes/02.07_entity_enablement_index.json;02_entity_enablement_indexes/02.08_ENTITY_ENABLEMENT_SCHEMA.md,07_packages/07.07_full_release_optional_pack.zip,Optional archive wrapper for entity enablement package,Use only for packaging and transfer not semantic lookup,Validate archive includes all package 02 files,Packaging artifact only,If not produced file-by-file delivery remains canonical
CBFM-050,07_packages,Packages,07.03,07_packages/07.03_delegation_matrix_pack.zip,zip,delegation_matrix_pack_archive,one archive = package 03 bundle,archive_path,package_id;included_file_paths,03_delegation_matrix/03.00_PACKAGE_MANIFEST.json;03_delegation_matrix/03.01_delegation_matrix_v2.csv;03_delegation_matrix/03.02_delegation_matrix_by_family_v2.csv;03_delegation_matrix/03.03_delegation_entity_load_summary.csv;03_delegation_matrix/03.04_delegation_matrix_index.json;03_delegation_matrix/03.05_DELEGATION_MATRIX_SCHEMA.md,07_packages/07.07_full_release_optional_pack.zip,Optional archive wrapper for delegation matrix package,Use only for packaging and transfer not semantic lookup,Validate archive includes all package 03 files,Packaging artifact only,If not produced file-by-file delivery remains canonical
CBFM-051,07_packages,Packages,07.04,07_packages/07.04_obligation_delegation_pack.zip,zip,obligation_delegation_pack_archive,one archive = package 04 bundle,archive_path,package_id;included_file_paths,04_obligation_delegation/04.00_PACKAGE_MANIFEST.json;04_obligation_delegation/04.01_obligation_delegation_matrix_v2.csv;04_obligation_delegation/04.02_sub_responsibility_delegation_v2.csv;04_obligation_delegation/04.03_delivery_cycle_flags_delegation.csv;04_obligation_delegation/04.04_dispatcher_feedback_reports_delegation.csv;04_obligation_delegation/04.05_obligation_delegation_index.json;04_obligation_delegation/04.06_OBLIGATION_DELEGATION_SCHEMA.md,07_packages/07.07_full_release_optional_pack.zip,Optional archive wrapper for obligation delegation package,Use only for packaging and transfer not semantic lookup,Validate archive includes all package 04 files,Packaging artifact only,If not produced file-by-file delivery remains canonical
CBFM-052,07_packages,Packages,07.05,07_packages/07.05_trace_coverage_registers_pack.zip,zip,trace_coverage_registers_pack_archive,one archive = package 05 bundle,archive_path,package_id;included_file_paths,05_trace_coverage_registers/05.00_PACKAGE_MANIFEST.json;05_trace_coverage_registers/05.01_delegation_trace_v2.csv;05_trace_coverage_registers/05.02_gap_closure_coverage_v2.csv;05_trace_coverage_registers/05.03_contract_to_responsibility_to_entity_trace.csv;05_trace_coverage_registers/05.04_taxonomy_update_register.csv;05_trace_coverage_registers/05.05_new_entities_register.csv;05_trace_coverage_registers/05.06_trace_coverage_index.json;05_trace_coverage_registers/05.07_TRACE_COVERAGE_SCHEMA.md,07_packages/07.07_full_release_optional_pack.zip,Optional archive wrapper for trace coverage registers package,Use only for packaging and transfer not semantic lookup,Validate archive includes all package 05 files,Packaging artifact only,If not produced file-by-file delivery remains canonical
CBFM-053,07_packages,Packages,07.06,07_packages/07.06_rollup_indexes_pack.zip,zip,rollup_indexes_pack_archive,one archive = package 06 bundle,archive_path,package_id;included_file_paths,06_rollup_indexes/06.00_PACKAGE_MANIFEST.json;06_rollup_indexes/06.01_DELEGATION_ENABLEMENT_ROLLUP_INDEX.json;06_rollup_indexes/06.02_JOIN_KEYS_REFERENCE.csv;06_rollup_indexes/06.03_QUERY_PATTERNS.md;06_rollup_indexes/06.04_CROSS_BUNDLE_FILE_MAP.csv;06_rollup_indexes/06.05_ROLLUP_SCHEMA.md,07_packages/07.07_full_release_optional_pack.zip,Optional archive wrapper for rollup indexes package,Use only for packaging and transfer not semantic lookup,Validate archive includes all package 06 files,Packaging artifact only,If not produced file-by-file delivery remains canonical
CBFM-054,07_packages,Packages,07.07,07_packages/07.07_full_release_optional_pack.zip,zip,full_release_optional_archive,one archive = complete release bundle,archive_path,package_id;included_file_paths,00_release_manifest/00.00_RELEASE_MANIFEST.json;00_release_manifest/00.01_RELEASE_README.md;00_release_manifest/00.02_RELEASE_COUNT_SUMMARY.csv;00_release_manifest/00.03_RELEASE_QUERY_GUIDE.md;01_reference_markdown/01.00_PACKAGE_MANIFEST.json;01_reference_markdown/01.01_Canonical_Delegation_Enablement_Matrix_V2.md;01_reference_markdown/01.02_canonical_assignment_principles.md;01_reference_markdown/01.03_corrected_delegation_entities.md;01_reference_markdown/01.04_enablement_families_reference.md;01_reference_markdown/01.05_gap_closure_delegation_coverage.md;01_reference_markdown/01.06_REFERENCE_SCHEMA.md;02_entity_enablement_indexes/02.00_PACKAGE_MANIFEST.json;02_entity_enablement_indexes/02.01_delegation_entities_index.csv;02_entity_enablement_indexes/02.02_enablement_families_index.csv;02_entity_enablement_indexes/02.03_surfaces_index.csv;02_entity_enablement_indexes/02.04_governed_objects_index.csv;02_entity_enablement_indexes/02.05_ports_and_contract_surfaces_index.csv;02_entity_enablement_indexes/02.06_policy_consuming_components_index.csv;02_entity_enablement_indexes/02.07_entity_enablement_index.json;02_entity_enablement_indexes/02.08_ENTITY_ENABLEMENT_SCHEMA.md;03_delegation_matrix/03.00_PACKAGE_MANIFEST.json;03_delegation_matrix/03.01_delegation_matrix_v2.csv;03_delegation_matrix/03.02_delegation_matrix_by_family_v2.csv;03_delegation_matrix/03.03_delegation_entity_load_summary.csv;03_delegation_matrix/03.04_delegation_matrix_index.json;03_delegation_matrix/03.05_DELEGATION_MATRIX_SCHEMA.md;04_obligation_delegation/04.00_PACKAGE_MANIFEST.json;04_obligation_delegation/04.01_obligation_delegation_matrix_v2.csv;04_obligation_delegation/04.02_sub_responsibility_delegation_v2.csv;04_obligation_delegation/04.03_delivery_cycle_flags_delegation.csv;04_obligation_delegation/04.04_dispatcher_feedback_reports_delegation.csv;04_obligation_delegation/04.05_obligation_delegation_index.json;04_obligation_delegation/04.06_OBLIGATION_DELEGATION_SCHEMA.md;05_trace_coverage_registers/05.00_PACKAGE_MANIFEST.json;05_trace_coverage_registers/05.01_delegation_trace_v2.csv;05_trace_coverage_registers/05.02_gap_closure_coverage_v2.csv;05_trace_coverage_registers/05.03_contract_to_responsibility_to_entity_trace.csv;05_trace_coverage_registers/05.04_taxonomy_update_register.csv;05_trace_coverage_registers/05.05_new_entities_register.csv;05_trace_coverage_registers/05.06_trace_coverage_index.json;05_trace_coverage_registers/05.07_TRACE_COVERAGE_SCHEMA.md;06_rollup_indexes/06.00_PACKAGE_MANIFEST.json;06_rollup_indexes/06.01_DELEGATION_ENABLEMENT_ROLLUP_INDEX.json;06_rollup_indexes/06.02_JOIN_KEYS_REFERENCE.csv;06_rollup_indexes/06.03_QUERY_PATTERNS.md;06_rollup_indexes/06.04_CROSS_BUNDLE_FILE_MAP.csv;06_rollup_indexes/06.05_ROLLUP_SCHEMA.md,none,Optional full release archive wrapper for transfer or backup,Use only for packaging and transfer not semantic lookup,Validate archive includes all canonical files from packages 00 through 06,Packaging artifact only,Semantic authority remains the individual installed files