source_file_map_id,source_group_id,source_group_key,upstream_path,vendored_path,normalized_path,format,source_role,required_for_editor,required_for_query,required_for_kernel,required_for_cli,required_for_adapters,refresh_mode,checksum_or_hash,last_synced_at,validation_status,canonical_usage,notes
SDFM-000,SRC-DATA-CONTROL,source_data_control,08_assembler_skills/00_SOURCE_DATA_INTEGRATION_DECISION.md,08_assembler_skills/00_SOURCE_DATA_INTEGRATION_DECISION.md,${SKILLS_ROOT}/00_SOURCE_DATA_INTEGRATION_DECISION.md,markdown,binding_source_data_decision,true,true,true,true,true,manual_authoring,not_recorded,not_recorded,draft_present,"Defines the binding decision that all canonical source dependencies must resolve through SOURCE_DATA_ROOT and not hardcoded external workspace paths.","This file governs the corrected source-data architecture for package 08."
SDFM-001,SRC-DATA-CONTROL,source_data_control,08_assembler_skills/00_source_data/00.00_SOURCE_DATA_MANIFEST.json,08_assembler_skills/00_source_data/00.00_SOURCE_DATA_MANIFEST.json,${SOURCE_DATA_ROOT}/00.00_SOURCE_DATA_MANIFEST.json,json,source_data_manifest,true,true,true,true,true,manual_authoring,not_recorded,not_recorded,draft_present,"Defines source-data root aliases source groups vendored policy validation rules and snapshot status.","Primary manifest for the source-data snapshot layer."
SDFM-002,SRC-DATA-CONTROL,source_data_control,08_assembler_skills/00_source_data/00.01_SOURCE_DATA_README.md,08_assembler_skills/00_source_data/00.01_SOURCE_DATA_README.md,${SOURCE_DATA_ROOT}/00.01_SOURCE_DATA_README.md,markdown,source_data_readme,true,true,true,true,true,manual_authoring,not_recorded,not_recorded,draft_present,"Explains why source data is vendored how aliases work and how editor/query skills use the snapshot.","Human-facing guide for source-data layer."
SDFM-003,SRC-DATA-CONTROL,source_data_control,08_assembler_skills/00_source_data/00.02_SOURCE_DATA_FILE_MAP.csv,08_assembler_skills/00_source_data/00.02_SOURCE_DATA_FILE_MAP.csv,${SOURCE_DATA_ROOT}/00.02_SOURCE_DATA_FILE_MAP.csv,csv,source_data_file_map,true,true,true,true,true,manual_authoring,not_recorded,not_recorded,draft_present,"Maps vendored source files and directories to upstream origins normalized paths required skill usage and validation status.","This file is the source-data navigation map."
SDFM-004,SRC-DATA-CONTROL,source_data_control,08_assembler_skills/00_source_data/00.03_SOURCE_DATA_REFRESH_POLICY.md,08_assembler_skills/00_source_data/00.03_SOURCE_DATA_REFRESH_POLICY.md,${SOURCE_DATA_ROOT}/00.03_SOURCE_DATA_REFRESH_POLICY.md,markdown,source_data_refresh_policy,true,false,true,true,true,manual_authoring,not_recorded,not_recorded,planned,"Defines allowed refresh modes refresh records validation after refresh staleness handling and adapter responsibilities.","Query skill does not refresh source data; editor and maintenance workflows may."
SDFM-005,SRC-GRP-001,architectural_taxonomy,00.01_Architectural_Taxonomy/,08_assembler_skills/00_source_data/00.01_architectural_taxonomy/,${TAXONOMY_SOURCE_ROOT}/,directory,source_group_root,true,true,true,false,true,manual_copy_or_drive_export,not_recorded,not_recorded,planned,"Vendored root for Unified Assembler Architectural Taxonomy source group.","Directory row; source-specific files are listed below or in taxonomy_source_manifest.json."
SDFM-006,SRC-GRP-001,architectural_taxonomy,00.01_Architectural_Taxonomy/taxonomy_source_manifest.json,08_assembler_skills/00_source_data/00.01_architectural_taxonomy/taxonomy_source_manifest.json,${TAXONOMY_SOURCE_ROOT}/taxonomy_source_manifest.json,json,source_specific_manifest,true,true,true,false,true,manual_authoring,not_recorded,not_recorded,planned,"Records upstream origin vendored root included files excluded files normalization rules refresh policy and known limitations for taxonomy source.","Required before full source-data validation can pass."
SDFM-007,SRC-GRP-001,architectural_taxonomy,00.01_Architectural_Taxonomy/00.00_Unified_Assembler_Architectural_Taxonomy.md,08_assembler_skills/00_source_data/00.01_architectural_taxonomy/00.00_Unified_Assembler_Architectural_Taxonomy.md,${TAXONOMY_SOURCE_ROOT}/00.00_Unified_Assembler_Architectural_Taxonomy.md,markdown,unified_taxonomy_reference,true,true,true,false,false,manual_copy_or_drive_export,not_recorded,not_recorded,planned,"Defines taxonomy layers members entity classes contract/template families doctrine rules and relation families.","Primary human-readable taxonomy source."
SDFM-008,SRC-GRP-001,architectural_taxonomy,00.01_Architectural_Taxonomy/architectural_taxonomy_csv_indexes/,08_assembler_skills/00_source_data/00.01_architectural_taxonomy/architectural_taxonomy_csv_indexes/,${TAXONOMY_SOURCE_ROOT}/architectural_taxonomy_csv_indexes/,directory,taxonomy_csv_indexes,true,true,true,false,false,manual_copy_or_drive_export,not_recorded,not_recorded,planned,"Contains CSV indexes derived from the unified taxonomy for machine lookup and validation.","Directory row; detailed internal files may be expanded in taxonomy_source_manifest.json."
SDFM-009,SRC-GRP-001,architectural_taxonomy,00.01_Architectural_Taxonomy/assembler_taxonomy_graphviz_files/,08_assembler_skills/00_source_data/00.01_architectural_taxonomy/assembler_taxonomy_graphviz_files/,${TAXONOMY_SOURCE_ROOT}/assembler_taxonomy_graphviz_files/,directory,taxonomy_graphviz_files,true,true,true,false,false,manual_copy_or_drive_export,not_recorded,not_recorded,planned,"Contains Graphviz source files for taxonomy relation and graph visualization.","Supports future graph derivation and ontology expert skill."
SDFM-010,SRC-GRP-001,architectural_taxonomy,00.01_Architectural_Taxonomy/json_01_manifest_layers/,08_assembler_skills/00_source_data/00.01_architectural_taxonomy/json_01_manifest_layers/,${TAXONOMY_SOURCE_ROOT}/json_01_manifest_layers/,directory,taxonomy_json_layers,true,true,true,false,false,manual_copy_or_drive_export,not_recorded,not_recorded,planned,"Contains JSON layer manifests for taxonomy layers.","Required for kernel validation and ontology extraction."
SDFM-011,SRC-GRP-001,architectural_taxonomy,00.01_Architectural_Taxonomy/json_02_external_core_internal_members/,08_assembler_skills/00_source_data/00.01_architectural_taxonomy/json_02_external_core_internal_members/,${TAXONOMY_SOURCE_ROOT}/json_02_external_core_internal_members/,directory,taxonomy_json_external_core_internal_members,true,true,true,false,false,manual_copy_or_drive_export,not_recorded,not_recorded,planned,"Contains JSON member sets for external core and internal members.","Used by entity classification and anti-collapse validation."
SDFM-012,SRC-GRP-001,architectural_taxonomy,00.01_Architectural_Taxonomy/json_03_runtime_carrier_members/,08_assembler_skills/00_source_data/00.01_architectural_taxonomy/json_03_runtime_carrier_members/,${TAXONOMY_SOURCE_ROOT}/json_03_runtime_carrier_members/,directory,taxonomy_json_runtime_carrier_members,true,true,true,false,false,manual_copy_or_drive_export,not_recorded,not_recorded,planned,"Contains JSON runtime carrier and state member sets.","Used to distinguish runtime/state objects from delegated actors."
SDFM-013,SRC-GRP-001,architectural_taxonomy,00.01_Architectural_Taxonomy/json_04_contract_doctrine_relation_family_members/,08_assembler_skills/00_source_data/00.01_architectural_taxonomy/json_04_contract_doctrine_relation_family_members/,${TAXONOMY_SOURCE_ROOT}/json_04_contract_doctrine_relation_family_members/,directory,taxonomy_json_contract_doctrine_relation_members,true,true,true,false,false,manual_copy_or_drive_export,not_recorded,not_recorded,planned,"Contains contract doctrine and relation family member data.","Used for contract/template doctrine and relation-family validation."
SDFM-014,SRC-GRP-001,architectural_taxonomy,00.01_Architectural_Taxonomy/json_05_relations_external_policy_envelope/,08_assembler_skills/00_source_data/00.01_architectural_taxonomy/json_05_relations_external_policy_envelope/,${TAXONOMY_SOURCE_ROOT}/json_05_relations_external_policy_envelope/,directory,taxonomy_json_external_policy_envelope_relations,true,true,true,false,false,manual_copy_or_drive_export,not_recorded,not_recorded,planned,"Contains JSON relation sets for external policy envelope relationships.","Used to validate policy/envelope relation distinctions."
SDFM-015,SRC-GRP-001,architectural_taxonomy,00.01_Architectural_Taxonomy/json_06_relations_runtime_wait_contracts_doctrine/,08_assembler_skills/00_source_data/00.01_architectural_taxonomy/json_06_relations_runtime_wait_contracts_doctrine/,${TAXONOMY_SOURCE_ROOT}/json_06_relations_runtime_wait_contracts_doctrine/,directory,taxonomy_json_runtime_wait_contracts_doctrine_relations,true,true,true,false,false,manual_copy_or_drive_export,not_recorded,not_recorded,planned,"Contains JSON relation sets for runtime wait contracts and doctrine relationships.","Used for waiting-list and contract-template anti-collapse validation."
SDFM-016,SRC-GRP-001,architectural_taxonomy,00.01_Architectural_Taxonomy/taxonomy_adds/,08_assembler_skills/00_source_data/00.01_architectural_taxonomy/taxonomy_adds/,${TAXONOMY_SOURCE_ROOT}/taxonomy_adds/,directory,taxonomy_additions,true,true,true,false,false,manual_copy_or_drive_export,not_recorded,not_recorded,planned,"Contains taxonomy additions or supplemental taxonomy records.","Editor must treat additions through controlled propagation rules."
SDFM-017,SRC-GRP-002,canonical_responsibilities,00.02_Assembler_Canonical_Responsibilities/,08_assembler_skills/00_source_data/00.02_canonical_responsibilities/,${RESPONSIBILITY_SOURCE_ROOT}/,directory,source_group_root,true,true,true,false,true,manual_copy_or_drive_export,not_recorded,not_recorded,planned,"Vendored root for Canonical Responsibility and Obligation Matrix source group.","Directory row; detailed files are listed below and in responsibilities_source_manifest.json."
SDFM-018,SRC-GRP-002,canonical_responsibilities,00.02_Assembler_Canonical_Responsibilities/responsibilities_source_manifest.json,08_assembler_skills/00_source_data/00.02_canonical_responsibilities/responsibilities_source_manifest.json,${RESPONSIBILITY_SOURCE_ROOT}/responsibilities_source_manifest.json,json,source_specific_manifest,true,true,true,false,true,manual_authoring,not_recorded,not_recorded,planned,"Records upstream origin vendored root included files excluded files normalization rules refresh policy and known limitations for responsibility source.","Required before full responsibility source validation can pass."
SDFM-019,SRC-GRP-002,canonical_responsibilities,00.02_Assembler_Canonical_Responsibilities/Canonical_Responsibility_Obligation_Matrix_V2_1.md,08_assembler_skills/00_source_data/00.02_canonical_responsibilities/Canonical_Responsibility_Obligation_Matrix_V2_1.md,${RESPONSIBILITY_SOURCE_ROOT}/Canonical_Responsibility_Obligation_Matrix_V2_1.md,markdown,canonical_responsibility_obligation_reference,true,true,true,false,false,manual_copy_or_drive_export,not_recorded,not_recorded,planned,"Human-readable canonical responsibility and obligation matrix reference.","Primary source for responsibility/obligation semantics before delegation mapping."
SDFM-020,SRC-GRP-002,canonical_responsibilities,00.02_Assembler_Canonical_Responsibilities/canonical_responsibility_v2_1_index.json,08_assembler_skills/00_source_data/00.02_canonical_responsibilities/canonical_responsibility_v2_1_index.json,${RESPONSIBILITY_SOURCE_ROOT}/canonical_responsibility_v2_1_index.json,json,canonical_responsibility_index,true,true,true,false,false,manual_copy_or_drive_export,not_recorded,not_recorded,planned,"Machine-readable index for canonical responsibilities and obligations.","Used by query validation and editor ID validation."
SDFM-021,SRC-GRP-002,canonical_responsibilities,00.02_Assembler_Canonical_Responsibilities/coverage_register_v2_1.csv,08_assembler_skills/00_source_data/00.02_canonical_responsibilities/coverage_register_v2_1.csv,${RESPONSIBILITY_SOURCE_ROOT}/coverage_register_v2_1.csv,csv,responsibility_coverage_register,true,true,true,false,false,manual_copy_or_drive_export,not_recorded,not_recorded,planned,"Coverage register for responsibility and obligation matrix.","Used for source completeness and validation."
SDFM-022,SRC-GRP-002,canonical_responsibilities,00.02_Assembler_Canonical_Responsibilities/obligations_v2_1.csv,08_assembler_skills/00_source_data/00.02_canonical_responsibilities/obligations_v2_1.csv,${RESPONSIBILITY_SOURCE_ROOT}/obligations_v2_1.csv,csv,canonical_obligations_table,true,true,true,false,false,manual_copy_or_drive_export,not_recorded,not_recorded,planned,"Flat canonical obligation records.","Used to validate OBL-CAN namespace and obligation lookups."
SDFM-023,SRC-GRP-002,canonical_responsibilities,00.02_Assembler_Canonical_Responsibilities/responsibilities_v2_1.csv,08_assembler_skills/00_source_data/00.02_canonical_responsibilities/responsibilities_v2_1.csv,${RESPONSIBILITY_SOURCE_ROOT}/responsibilities_v2_1.csv,csv,canonical_responsibilities_table,true,true,true,false,false,manual_copy_or_drive_export,not_recorded,not_recorded,planned,"Flat canonical responsibility records.","Used to validate RSP-CAN namespace and responsibility lookups."
SDFM-024,SRC-GRP-002,canonical_responsibilities,00.02_Assembler_Canonical_Responsibilities/responsibility_obligation_links_v2_1.csv,08_assembler_skills/00_source_data/00.02_canonical_responsibilities/responsibility_obligation_links_v2_1.csv,${RESPONSIBILITY_SOURCE_ROOT}/responsibility_obligation_links_v2_1.csv,csv,responsibility_obligation_links,true,true,true,false,false,manual_copy_or_drive_export,not_recorded,not_recorded,planned,"Links canonical responsibilities to canonical obligations.","Used by query trace and editor propagation validation."
SDFM-025,SRC-GRP-002,canonical_responsibilities,00.02_Assembler_Canonical_Responsibilities/sub_responsibilities_v2_1.csv,08_assembler_skills/00_source_data/00.02_canonical_responsibilities/sub_responsibilities_v2_1.csv,${RESPONSIBILITY_SOURCE_ROOT}/sub_responsibilities_v2_1.csv,csv,canonical_sub_responsibilities,true,true,true,false,false,manual_copy_or_drive_export,not_recorded,not_recorded,planned,"Flat sub-responsibility records associated with canonical responsibilities.","Used to validate special expansions such as flags and reports."
SDFM-026,SRC-GRP-003,delegation_enablement_matrix,00.03_Canonical_Delegation_Enablement_Matrix_V2/,08_assembler_skills/00_source_data/00.03_delegation_enablement_matrix/,${DELEGATION_SOURCE_ROOT}/,directory,source_group_root,true,true,true,true,true,manual_copy_or_drive_export,not_recorded,not_recorded,planned,"Vendored root for Canonical Delegation and Enablement Matrix V2 release.","Primary source group for query and trace operation."
SDFM-027,SRC-GRP-003,delegation_enablement_matrix,00.03_Canonical_Delegation_Enablement_Matrix_V2/delegation_source_manifest.json,08_assembler_skills/00_source_data/00.03_delegation_enablement_matrix/delegation_source_manifest.json,${DELEGATION_SOURCE_ROOT}/delegation_source_manifest.json,json,source_specific_manifest,true,true,true,true,true,manual_authoring,not_recorded,not_recorded,planned,"Records upstream origin vendored root included files excluded files normalization rules refresh policy and known limitations for delegation source.","Required before full delegation source validation can pass."
SDFM-028,SRC-GRP-003,delegation_enablement_matrix,00.03_Canonical_Delegation_Enablement_Matrix_V2/00_release_manifest/,08_assembler_skills/00_source_data/00.03_delegation_enablement_matrix/00_release_manifest/,${DELEGATION_SOURCE_ROOT}/00_release_manifest/,directory,delegation_release_manifest_group,true,true,true,false,false,manual_copy_or_drive_export,not_recorded,not_recorded,planned,"Release manifest package for the canonical delegation and enablement release.","Used for release identity source counts and installation guidance."
SDFM-029,SRC-GRP-003,delegation_enablement_matrix,00.03_Canonical_Delegation_Enablement_Matrix_V2/00_release_manifest/00.00_RELEASE_MANIFEST.json,08_assembler_skills/00_source_data/00.03_delegation_enablement_matrix/00_release_manifest/00.00_RELEASE_MANIFEST.json,${DELEGATION_SOURCE_ROOT}/00_release_manifest/00.00_RELEASE_MANIFEST.json,json,delegation_release_manifest,true,true,true,false,false,manual_copy_or_drive_export,not_recorded,not_recorded,planned,"Top-level release manifest for delegation and enablement source data.","Used to validate source package identity and expected counts."
SDFM-030,SRC-GRP-003,delegation_enablement_matrix,00.03_Canonical_Delegation_Enablement_Matrix_V2/00_release_manifest/00.01_RELEASE_README.md,08_assembler_skills/00_source_data/00.03_delegation_enablement_matrix/00_release_manifest/00.01_RELEASE_README.md,${DELEGATION_SOURCE_ROOT}/00_release_manifest/00.01_RELEASE_README.md,markdown,delegation_release_readme,true,true,true,false,false,manual_copy_or_drive_export,not_recorded,not_recorded,planned,"Human-readable overview of delegation and enablement release.","Used for orientation and source-basis explanation."
SDFM-031,SRC-GRP-003,delegation_enablement_matrix,00.03_Canonical_Delegation_Enablement_Matrix_V2/00_release_manifest/00.02_RELEASE_COUNT_SUMMARY.csv,08_assembler_skills/00_source_data/00.03_delegation_enablement_matrix/00_release_manifest/00.02_RELEASE_COUNT_SUMMARY.csv,${DELEGATION_SOURCE_ROOT}/00_release_manifest/00.02_RELEASE_COUNT_SUMMARY.csv,csv,delegation_release_count_summary,true,true,true,false,false,manual_copy_or_drive_export,not_recorded,not_recorded,planned,"Expected count summary for delegation release files rows and canonical objects.","Used by validation and staleness checks."
SDFM-032,SRC-GRP-003,delegation_enablement_matrix,00.03_Canonical_Delegation_Enablement_Matrix_V2/00_release_manifest/00.03_RELEASE_QUERY_GUIDE.md,08_assembler_skills/00_source_data/00.03_delegation_enablement_matrix/00_release_manifest/00.03_RELEASE_QUERY_GUIDE.md,${DELEGATION_SOURCE_ROOT}/00_release_manifest/00.03_RELEASE_QUERY_GUIDE.md,markdown,delegation_release_query_guide,true,true,true,true,false,manual_copy_or_drive_export,not_recorded,not_recorded,planned,"Release-level query guidance for delegation and enablement source.","Used by query skill and CLI examples."
SDFM-033,SRC-GRP-003,delegation_enablement_matrix,00.03_Canonical_Delegation_Enablement_Matrix_V2/01_reference_markdown/,08_assembler_skills/00_source_data/00.03_delegation_enablement_matrix/01_reference_markdown/,${DELEGATION_SOURCE_ROOT}/01_reference_markdown/,directory,reference_markdown_group,true,true,true,false,false,manual_copy_or_drive_export,not_recorded,not_recorded,planned,"Human-readable canonical reference package for delegation and enablement release.","Used by editor for semantic intent and by query for evidence."
SDFM-034,SRC-GRP-003,delegation_enablement_matrix,00.03_Canonical_Delegation_Enablement_Matrix_V2/01_reference_markdown/01.00_PACKAGE_MANIFEST.json,08_assembler_skills/00_source_data/00.03_delegation_enablement_matrix/01_reference_markdown/01.00_PACKAGE_MANIFEST.json,${DELEGATION_SOURCE_ROOT}/01_reference_markdown/01.00_PACKAGE_MANIFEST.json,json,reference_markdown_package_manifest,true,true,true,false,false,manual_copy_or_drive_export,not_recorded,not_recorded,planned,"Manifest for reference markdown package.","Used to validate reference source completeness."
SDFM-035,SRC-GRP-003,delegation_enablement_matrix,00.03_Canonical_Delegation_Enablement_Matrix_V2/01_reference_markdown/01.01_Canonical_Delegation_Enablement_Matrix_V2.md,08_assembler_skills/00_source_data/00.03_delegation_enablement_matrix/01_reference_markdown/01.01_Canonical_Delegation_Enablement_Matrix_V2.md,${DELEGATION_SOURCE_ROOT}/01_reference_markdown/01.01_Canonical_Delegation_Enablement_Matrix_V2.md,markdown,canonical_delegation_enablement_reference,true,true,true,false,false,manual_copy_or_drive_export,not_recorded,not_recorded,planned,"Human-readable canonical delegation and enablement matrix reference.","Primary semantic reference for responsibility/obligation-to-entity mapping."
SDFM-036,SRC-GRP-003,delegation_enablement_matrix,00.03_Canonical_Delegation_Enablement_Matrix_V2/01_reference_markdown/01.02_canonical_assignment_principles.md,08_assembler_skills/00_source_data/00.03_delegation_enablement_matrix/01_reference_markdown/01.02_canonical_assignment_principles.md,${DELEGATION_SOURCE_ROOT}/01_reference_markdown/01.02_canonical_assignment_principles.md,markdown,canonical_assignment_principles,true,true,true,false,false,manual_copy_or_drive_export,not_recorded,not_recorded,planned,"Defines assignment principles for responsibility obligation entity governed object and enablement separation.","Used heavily by kernel and editor validation."
SDFM-037,SRC-GRP-003,delegation_enablement_matrix,00.03_Canonical_Delegation_Enablement_Matrix_V2/01_reference_markdown/01.03_corrected_delegation_entities.md,08_assembler_skills/00_source_data/00.03_delegation_enablement_matrix/01_reference_markdown/01.03_corrected_delegation_entities.md,${DELEGATION_SOURCE_ROOT}/01_reference_markdown/01.03_corrected_delegation_entities.md,markdown,corrected_delegation_entities,true,true,true,false,false,manual_copy_or_drive_export,not_recorded,not_recorded,planned,"Defines corrected delegated entities governed artifacts and non-delegate classifications.","Used for anti-collapse and entity/object distinction."
SDFM-038,SRC-GRP-003,delegation_enablement_matrix,00.03_Canonical_Delegation_Enablement_Matrix_V2/01_reference_markdown/01.04_enablement_families_reference.md,08_assembler_skills/00_source_data/00.03_delegation_enablement_matrix/01_reference_markdown/01.04_enablement_families_reference.md,${DELEGATION_SOURCE_ROOT}/01_reference_markdown/01.04_enablement_families_reference.md,markdown,enablement_families_reference,true,true,true,false,false,manual_copy_or_drive_export,not_recorded,not_recorded,planned,"Defines canonical enablement families and usage constraints.","Used for enablement validation and query explanation."
SDFM-039,SRC-GRP-003,delegation_enablement_matrix,00.03_Canonical_Delegation_Enablement_Matrix_V2/01_reference_markdown/01.05_gap_closure_delegation_coverage.md,08_assembler_skills/00_source_data/00.03_delegation_enablement_matrix/01_reference_markdown/01.05_gap_closure_delegation_coverage.md,${DELEGATION_SOURCE_ROOT}/01_reference_markdown/01.05_gap_closure_delegation_coverage.md,markdown,gap_closure_reference,true,true,true,false,false,manual_copy_or_drive_export,not_recorded,not_recorded,planned,"Human-readable gap closure coverage reference.","Used for gap questions and anti-regression validation."
SDFM-040,SRC-GRP-003,delegation_enablement_matrix,00.03_Canonical_Delegation_Enablement_Matrix_V2/01_reference_markdown/01.06_REFERENCE_SCHEMA.md,08_assembler_skills/00_source_data/00.03_delegation_enablement_matrix/01_reference_markdown/01.06_REFERENCE_SCHEMA.md,${DELEGATION_SOURCE_ROOT}/01_reference_markdown/01.06_REFERENCE_SCHEMA.md,markdown,reference_schema,true,true,true,false,false,manual_copy_or_drive_export,not_recorded,not_recorded,planned,"Logical schema vocabulary for reference package and canonical join concepts.","Used by kernel ID grammar and validation baseline."
SDFM-041,SRC-GRP-003,delegation_enablement_matrix,00.03_Canonical_Delegation_Enablement_Matrix_V2/02_entity_enablement_indexes/,08_assembler_skills/00_source_data/00.03_delegation_enablement_matrix/02_entity_enablement_indexes/,${DELEGATION_SOURCE_ROOT}/02_entity_enablement_indexes/,directory,entity_enablement_indexes_group,true,true,true,false,false,manual_copy_or_drive_export,not_recorded,not_recorded,planned,"Entity enablement surface governed object port and policy component indexes.","Used by query joins and editor propagation."
SDFM-042,SRC-GRP-003,delegation_enablement_matrix,00.03_Canonical_Delegation_Enablement_Matrix_V2/02_entity_enablement_indexes/02.00_PACKAGE_MANIFEST.json,08_assembler_skills/00_source_data/00.03_delegation_enablement_matrix/02_entity_enablement_indexes/02.00_PACKAGE_MANIFEST.json,${DELEGATION_SOURCE_ROOT}/02_entity_enablement_indexes/02.00_PACKAGE_MANIFEST.json,json,entity_enablement_package_manifest,true,true,true,false,false,manual_copy_or_drive_export,not_recorded,not_recorded,planned,"Manifest for entity enablement package.","Used to validate package completeness."
SDFM-043,SRC-GRP-003,delegation_enablement_matrix,00.03_Canonical_Delegation_Enablement_Matrix_V2/02_entity_enablement_indexes/02.01_delegation_entities_index.csv,08_assembler_skills/00_source_data/00.03_delegation_enablement_matrix/02_entity_enablement_indexes/02.01_delegation_entities_index.csv,${DELEGATION_SOURCE_ROOT}/02_entity_enablement_indexes/02.01_delegation_entities_index.csv,csv,delegation_entities_index,true,true,true,false,false,manual_copy_or_drive_export,not_recorded,not_recorded,planned,"Flat index of delegation entities runtime entities governed runtime records and classification-only records.","Used by entity queries and actor/object validation."
SDFM-044,SRC-GRP-003,delegation_enablement_matrix,00.03_Canonical_Delegation_Enablement_Matrix_V2/02_entity_enablement_indexes/02.02_enablement_families_index.csv,08_assembler_skills/00_source_data/00.03_delegation_enablement_matrix/02_entity_enablement_indexes/02.02_enablement_families_index.csv,${DELEGATION_SOURCE_ROOT}/02_entity_enablement_indexes/02.02_enablement_families_index.csv,csv,enablement_families_index,true,true,true,false,false,manual_copy_or_drive_export,not_recorded,not_recorded,planned,"Flat index of canonical enablement families.","Used by enablement queries and validation."
SDFM-045,SRC-GRP-003,delegation_enablement_matrix,00.03_Canonical_Delegation_Enablement_Matrix_V2/02_entity_enablement_indexes/02.03_surfaces_index.csv,08_assembler_skills/00_source_data/00.03_delegation_enablement_matrix/02_entity_enablement_indexes/02.03_surfaces_index.csv,${DELEGATION_SOURCE_ROOT}/02_entity_enablement_indexes/02.03_surfaces_index.csv,csv,surfaces_index,true,true,true,false,false,manual_copy_or_drive_export,not_recorded,not_recorded,planned,"Flat index of surface types and derived cross-surface classification.","Used for surface queries and CLI filters."
SDFM-046,SRC-GRP-003,delegation_enablement_matrix,00.03_Canonical_Delegation_Enablement_Matrix_V2/02_entity_enablement_indexes/02.04_governed_objects_index.csv,08_assembler_skills/00_source_data/00.03_delegation_enablement_matrix/02_entity_enablement_indexes/02.04_governed_objects_index.csv,${DELEGATION_SOURCE_ROOT}/02_entity_enablement_indexes/02.04_governed_objects_index.csv,csv,governed_objects_index,true,true,true,false,false,manual_copy_or_drive_export,not_recorded,not_recorded,planned,"Flat index of governed objects and artifacts.","Used for governed object queries and actor/object guard."
SDFM-047,SRC-GRP-003,delegation_enablement_matrix,00.03_Canonical_Delegation_Enablement_Matrix_V2/02_entity_enablement_indexes/02.05_ports_and_contract_surfaces_index.csv,08_assembler_skills/00_source_data/00.03_delegation_enablement_matrix/02_entity_enablement_indexes/02.05_ports_and_contract_surfaces_index.csv,${DELEGATION_SOURCE_ROOT}/02_entity_enablement_indexes/02.05_ports_and_contract_surfaces_index.csv,csv,ports_contract_surfaces_index,true,true,true,false,false,manual_copy_or_drive_export,not_recorded,not_recorded,planned,"Indexes ports and contract surfaces such as Envelope Assembler and Registry/Delivery Port.","Used for contract surface and boundary queries."
SDFM-048,SRC-GRP-003,delegation_enablement_matrix,00.03_Canonical_Delegation_Enablement_Matrix_V2/02_entity_enablement_indexes/02.06_policy_consuming_components_index.csv,08_assembler_skills/00_source_data/00.03_delegation_enablement_matrix/02_entity_enablement_indexes/02.06_policy_consuming_components_index.csv,${DELEGATION_SOURCE_ROOT}/02_entity_enablement_indexes/02.06_policy_consuming_components_index.csv,csv,policy_consuming_components_index,true,true,true,false,false,manual_copy_or_drive_export,not_recorded,not_recorded,planned,"Indexes policy-consuming components and exclusions such as Metadata Injector.","Used to enforce Metadata Injector is not a policy host."
SDFM-049,SRC-GRP-003,delegation_enablement_matrix,00.03_Canonical_Delegation_Enablement_Matrix_V2/02_entity_enablement_indexes/02.07_entity_enablement_index.json,08_assembler_skills/00_source_data/00.03_delegation_enablement_matrix/02_entity_enablement_indexes/02.07_entity_enablement_index.json,${DELEGATION_SOURCE_ROOT}/02_entity_enablement_indexes/02.07_entity_enablement_index.json,json,entity_enablement_json_index,true,true,true,false,false,manual_copy_or_drive_export,not_recorded,not_recorded,planned,"Nested entity enablement crosswalk.","Used for programmatic entity-to-enablements lookups."
SDFM-050,SRC-GRP-003,delegation_enablement_matrix,00.03_Canonical_Delegation_Enablement_Matrix_V2/02_entity_enablement_indexes/02.08_ENTITY_ENABLEMENT_SCHEMA.md,08_assembler_skills/00_source_data/00.03_delegation_enablement_matrix/02_entity_enablement_indexes/02.08_ENTITY_ENABLEMENT_SCHEMA.md,${DELEGATION_SOURCE_ROOT}/02_entity_enablement_indexes/02.08_ENTITY_ENABLEMENT_SCHEMA.md,markdown,entity_enablement_schema,true,true,true,false,false,manual_copy_or_drive_export,not_recorded,not_recorded,planned,"Schema reference for entity enablement package.","Used for validation and downstream derivation."
SDFM-051,SRC-GRP-003,delegation_enablement_matrix,00.03_Canonical_Delegation_Enablement_Matrix_V2/03_delegation_matrix/,08_assembler_skills/00_source_data/00.03_delegation_enablement_matrix/03_delegation_matrix/,${DELEGATION_SOURCE_ROOT}/03_delegation_matrix/,directory,delegation_matrix_group,true,true,true,false,false,manual_copy_or_drive_export,not_recorded,not_recorded,planned,"Responsibility-to-entity delegation matrix package.","Primary flat delegation source for query and editor workflows."
SDFM-052,SRC-GRP-003,delegation_enablement_matrix,00.03_Canonical_Delegation_Enablement_Matrix_V2/03_delegation_matrix/03.00_PACKAGE_MANIFEST.json,08_assembler_skills/00_source_data/00.03_delegation_enablement_matrix/03_delegation_matrix/03.00_PACKAGE_MANIFEST.json,${DELEGATION_SOURCE_ROOT}/03_delegation_matrix/03.00_PACKAGE_MANIFEST.json,json,delegation_matrix_package_manifest,true,true,true,false,false,manual_copy_or_drive_export,not_recorded,not_recorded,planned,"Manifest for delegation matrix package.","Used to validate package completeness."
SDFM-053,SRC-GRP-003,delegation_enablement_matrix,00.03_Canonical_Delegation_Enablement_Matrix_V2/03_delegation_matrix/03.01_delegation_matrix_v2.csv,08_assembler_skills/00_source_data/00.03_delegation_enablement_matrix/03_delegation_matrix/03.01_delegation_matrix_v2.csv,${DELEGATION_SOURCE_ROOT}/03_delegation_matrix/03.01_delegation_matrix_v2.csv,csv,delegation_matrix_v2,true,true,true,false,false,manual_copy_or_drive_export,not_recorded,not_recorded,planned,"Flat canonical responsibility-to-entity delegation matrix.","Primary query source for responsibility delegation."
SDFM-054,SRC-GRP-003,delegation_enablement_matrix,00.03_Canonical_Delegation_Enablement_Matrix_V2/03_delegation_matrix/03.02_delegation_matrix_by_family_v2.csv,08_assembler_skills/00_source_data/00.03_delegation_enablement_matrix/03_delegation_matrix/03.02_delegation_matrix_by_family_v2.csv,${DELEGATION_SOURCE_ROOT}/03_delegation_matrix/03.02_delegation_matrix_by_family_v2.csv,csv,delegation_matrix_by_family,true,true,true,false,false,manual_copy_or_drive_export,not_recorded,not_recorded,planned,"Family-grouped delegation matrix.","Used for family-scoped responsibility queries."
SDFM-055,SRC-GRP-003,delegation_enablement_matrix,00.03_Canonical_Delegation_Enablement_Matrix_V2/03_delegation_matrix/03.03_delegation_entity_load_summary.csv,08_assembler_skills/00_source_data/00.03_delegation_enablement_matrix/03_delegation_matrix/03.03_delegation_entity_load_summary.csv,${DELEGATION_SOURCE_ROOT}/03_delegation_matrix/03.03_delegation_entity_load_summary.csv,csv,delegation_entity_load_summary,true,true,true,false,false,manual_copy_or_drive_export,not_recorded,not_recorded,planned,"Entity responsibility load summary.","Used for entity responsibility load queries."
SDFM-056,SRC-GRP-003,delegation_enablement_matrix,00.03_Canonical_Delegation_Enablement_Matrix_V2/03_delegation_matrix/03.04_delegation_matrix_index.json,08_assembler_skills/00_source_data/00.03_delegation_enablement_matrix/03_delegation_matrix/03.04_delegation_matrix_index.json,${DELEGATION_SOURCE_ROOT}/03_delegation_matrix/03.04_delegation_matrix_index.json,json,delegation_matrix_json_index,true,true,true,false,false,manual_copy_or_drive_export,not_recorded,not_recorded,planned,"Nested JSON index for delegation matrix.","Used for programmatic lookup and rollup preparation."
SDFM-057,SRC-GRP-003,delegation_enablement_matrix,00.03_Canonical_Delegation_Enablement_Matrix_V2/03_delegation_matrix/03.05_DELEGATION_MATRIX_SCHEMA.md,08_assembler_skills/00_source_data/00.03_delegation_enablement_matrix/03_delegation_matrix/03.05_DELEGATION_MATRIX_SCHEMA.md,${DELEGATION_SOURCE_ROOT}/03_delegation_matrix/03.05_DELEGATION_MATRIX_SCHEMA.md,markdown,delegation_matrix_schema,true,true,true,false,false,manual_copy_or_drive_export,not_recorded,not_recorded,planned,"Schema reference for delegation matrix package.","Used by validation and downstream derivation."
SDFM-058,SRC-GRP-003,delegation_enablement_matrix,00.03_Canonical_Delegation_Enablement_Matrix_V2/04_obligation_delegation/,08_assembler_skills/00_source_data/00.03_delegation_enablement_matrix/04_obligation_delegation/,${DELEGATION_SOURCE_ROOT}/04_obligation_delegation/,directory,obligation_delegation_group,true,true,true,false,false,manual_copy_or_drive_export,not_recorded,not_recorded,planned,"Obligation enforcement and sub-responsibility delegation package.","Primary source for obligation and special expansions."
SDFM-059,SRC-GRP-003,delegation_enablement_matrix,00.03_Canonical_Delegation_Enablement_Matrix_V2/04_obligation_delegation/04.00_PACKAGE_MANIFEST.json,08_assembler_skills/00_source_data/00.03_delegation_enablement_matrix/04_obligation_delegation/04.00_PACKAGE_MANIFEST.json,${DELEGATION_SOURCE_ROOT}/04_obligation_delegation/04.00_PACKAGE_MANIFEST.json,json,obligation_delegation_package_manifest,true,true,true,false,false,manual_copy_or_drive_export,not_recorded,not_recorded,planned,"Manifest for obligation delegation package.","Used to validate package completeness."
SDFM-060,SRC-GRP-003,delegation_enablement_matrix,00.03_Canonical_Delegation_Enablement_Matrix_V2/04_obligation_delegation/04.01_obligation_delegation_matrix_v2.csv,08_assembler_skills/00_source_data/00.03_delegation_enablement_matrix/04_obligation_delegation/04.01_obligation_delegation_matrix_v2.csv,${DELEGATION_SOURCE_ROOT}/04_obligation_delegation/04.01_obligation_delegation_matrix_v2.csv,csv,obligation_delegation_matrix_v2,true,true,true,false,false,manual_copy_or_drive_export,not_recorded,not_recorded,planned,"Flat obligation-to-entity enforcement matrix.","Primary query source for obligation enforcement."
SDFM-061,SRC-GRP-003,delegation_enablement_matrix,00.03_Canonical_Delegation_Enablement_Matrix_V2/04_obligation_delegation/04.02_sub_responsibility_delegation_v2.csv,08_assembler_skills/00_source_data/00.03_delegation_enablement_matrix/04_obligation_delegation/04.02_sub_responsibility_delegation_v2.csv,${DELEGATION_SOURCE_ROOT}/04_obligation_delegation/04.02_sub_responsibility_delegation_v2.csv,csv,sub_responsibility_delegation,true,true,true,false,false,manual_copy_or_drive_export,not_recorded,not_recorded,planned,"Sub-responsibility delegation table for delivery-cycle flags and dispatcher feedback reports.","Used for special expansion queries and validation."
SDFM-062,SRC-GRP-003,delegation_enablement_matrix,00.03_Canonical_Delegation_Enablement_Matrix_V2/04_obligation_delegation/04.03_delivery_cycle_flags_delegation.csv,08_assembler_skills/00_source_data/00.03_delegation_enablement_matrix/04_obligation_delegation/04.03_delivery_cycle_flags_delegation.csv,${DELEGATION_SOURCE_ROOT}/04_obligation_delegation/04.03_delivery_cycle_flags_delegation.csv,csv,delivery_cycle_flags_delegation,true,true,true,false,false,manual_copy_or_drive_export,not_recorded,not_recorded,planned,"Dedicated table for delivery-cycle flags.","Used to preserve flag/report separation."
SDFM-063,SRC-GRP-003,delegation_enablement_matrix,00.03_Canonical_Delegation_Enablement_Matrix_V2/04_obligation_delegation/04.04_dispatcher_feedback_reports_delegation.csv,08_assembler_skills/00_source_data/00.03_delegation_enablement_matrix/04_obligation_delegation/04.04_dispatcher_feedback_reports_delegation.csv,${DELEGATION_SOURCE_ROOT}/04_obligation_delegation/04.04_dispatcher_feedback_reports_delegation.csv,csv,dispatcher_feedback_reports_delegation,true,true,true,false,false,manual_copy_or_drive_export,not_recorded,not_recorded,planned,"Dedicated table for dispatcher feedback reports.","Used to preserve flag/report separation."
SDFM-064,SRC-GRP-003,delegation_enablement_matrix,00.03_Canonical_Delegation_Enablement_Matrix_V2/04_obligation_delegation/04.05_obligation_delegation_index.json,08_assembler_skills/00_source_data/00.03_delegation_enablement_matrix/04_obligation_delegation/04.05_obligation_delegation_index.json,${DELEGATION_SOURCE_ROOT}/04_obligation_delegation/04.05_obligation_delegation_index.json,json,obligation_delegation_json_index,true,true,true,false,false,manual_copy_or_drive_export,not_recorded,not_recorded,planned,"Nested JSON index for obligation delegation and special expansions.","Used for programmatic obligation lookups."
SDFM-065,SRC-GRP-003,delegation_enablement_matrix,00.03_Canonical_Delegation_Enablement_Matrix_V2/04_obligation_delegation/04.06_OBLIGATION_DELEGATION_SCHEMA.md,08_assembler_skills/00_source_data/00.03_delegation_enablement_matrix/04_obligation_delegation/04.06_OBLIGATION_DELEGATION_SCHEMA.md,${DELEGATION_SOURCE_ROOT}/04_obligation_delegation/04.06_OBLIGATION_DELEGATION_SCHEMA.md,markdown,obligation_delegation_schema,true,true,true,false,false,manual_copy_or_drive_export,not_recorded,not_recorded,planned,"Schema reference for obligation delegation package.","Used by validation and downstream derivation."
SDFM-066,SRC-GRP-003,delegation_enablement_matrix,00.03_Canonical_Delegation_Enablement_Matrix_V2/05_trace_coverage_registers/,08_assembler_skills/00_source_data/00.03_delegation_enablement_matrix/05_trace_coverage_registers/,${DELEGATION_SOURCE_ROOT}/05_trace_coverage_registers/,directory,trace_coverage_group,true,true,true,false,false,manual_copy_or_drive_export,not_recorded,not_recorded,planned,"Trace coverage package for responsibilities gaps contracts taxonomy updates and new entities.","Primary evidence layer for query skill."
SDFM-067,SRC-GRP-003,delegation_enablement_matrix,00.03_Canonical_Delegation_Enablement_Matrix_V2/05_trace_coverage_registers/05.00_PACKAGE_MANIFEST.json,08_assembler_skills/00_source_data/00.03_delegation_enablement_matrix/05_trace_coverage_registers/05.00_PACKAGE_MANIFEST.json,${DELEGATION_SOURCE_ROOT}/05_trace_coverage_registers/05.00_PACKAGE_MANIFEST.json,json,trace_coverage_package_manifest,true,true,true,false,false,manual_copy_or_drive_export,not_recorded,not_recorded,planned,"Manifest for trace coverage package.","Used to validate trace package completeness."
SDFM-068,SRC-GRP-003,delegation_enablement_matrix,00.03_Canonical_Delegation_Enablement_Matrix_V2/05_trace_coverage_registers/05.01_delegation_trace_v2.csv,08_assembler_skills/00_source_data/00.03_delegation_enablement_matrix/05_trace_coverage_registers/05.01_delegation_trace_v2.csv,${DELEGATION_SOURCE_ROOT}/05_trace_coverage_registers/05.01_delegation_trace_v2.csv,csv,delegation_trace_v2,true,true,true,false,false,manual_copy_or_drive_export,not_recorded,not_recorded,planned,"Trace register linking responsibilities to obligations entities objects enablements surfaces contracts gaps and doctrines.","Primary evidence table for query answers."
SDFM-069,SRC-GRP-003,delegation_enablement_matrix,00.03_Canonical_Delegation_Enablement_Matrix_V2/05_trace_coverage_registers/05.02_gap_closure_coverage_v2.csv,08_assembler_skills/00_source_data/00.03_delegation_enablement_matrix/05_trace_coverage_registers/05.02_gap_closure_coverage_v2.csv,${DELEGATION_SOURCE_ROOT}/05_trace_coverage_registers/05.02_gap_closure_coverage_v2.csv,csv,gap_closure_coverage,true,true,true,false,false,manual_copy_or_drive_export,not_recorded,not_recorded,planned,"Coverage register for core gaps and anti-regression rules.","Primary source for gap closure queries."
SDFM-070,SRC-GRP-003,delegation_enablement_matrix,00.03_Canonical_Delegation_Enablement_Matrix_V2/05_trace_coverage_registers/05.03_contract_to_responsibility_to_entity_trace.csv,08_assembler_skills/00_source_data/00.03_delegation_enablement_matrix/05_trace_coverage_registers/05.03_contract_to_responsibility_to_entity_trace.csv,${DELEGATION_SOURCE_ROOT}/05_trace_coverage_registers/05.03_contract_to_responsibility_to_entity_trace.csv,csv,contract_to_responsibility_to_entity_trace,true,true,true,false,false,manual_copy_or_drive_export,not_recorded,not_recorded,planned,"Contract-to-responsibility-to-entity trace register.","Primary source for contract derivation queries."
SDFM-071,SRC-GRP-003,delegation_enablement_matrix,00.03_Canonical_Delegation_Enablement_Matrix_V2/05_trace_coverage_registers/05.04_taxonomy_update_register.csv,08_assembler_skills/00_source_data/00.03_delegation_enablement_matrix/05_trace_coverage_registers/05.04_taxonomy_update_register.csv,${DELEGATION_SOURCE_ROOT}/05_trace_coverage_registers/05.04_taxonomy_update_register.csv,csv,taxonomy_update_register,true,true,true,false,false,manual_copy_or_drive_export,not_recorded,not_recorded,planned,"Register for taxonomy corrections promotions splits and exclusions.","Used for ontology seed and correction-trace queries."
SDFM-072,SRC-GRP-003,delegation_enablement_matrix,00.03_Canonical_Delegation_Enablement_Matrix_V2/05_trace_coverage_registers/05.05_new_entities_register.csv,08_assembler_skills/00_source_data/00.03_delegation_enablement_matrix/05_trace_coverage_registers/05.05_new_entities_register.csv,${DELEGATION_SOURCE_ROOT}/05_trace_coverage_registers/05.05_new_entities_register.csv,csv,new_entities_register,true,true,true,false,false,manual_copy_or_drive_export,not_recorded,not_recorded,planned,"Register for new or promoted delegated entities and governed artifacts.","Used for entity/object distinction and ontology seed extraction."
SDFM-073,SRC-GRP-003,delegation_enablement_matrix,00.03_Canonical_Delegation_Enablement_Matrix_V2/05_trace_coverage_registers/05.06_trace_coverage_index.json,08_assembler_skills/00_source_data/00.03_delegation_enablement_matrix/05_trace_coverage_registers/05.06_trace_coverage_index.json,${DELEGATION_SOURCE_ROOT}/05_trace_coverage_registers/05.06_trace_coverage_index.json,json,trace_coverage_json_index,true,true,true,false,false,manual_copy_or_drive_export,not_recorded,not_recorded,planned,"Nested trace coverage index for responsibilities gaps contracts taxonomy updates and new subjects.","Used for programmatic evidence navigation."
SDFM-074,SRC-GRP-003,delegation_enablement_matrix,00.03_Canonical_Delegation_Enablement_Matrix_V2/05_trace_coverage_registers/05.07_TRACE_COVERAGE_SCHEMA.md,08_assembler_skills/00_source_data/00.03_delegation_enablement_matrix/05_trace_coverage_registers/05.07_TRACE_COVERAGE_SCHEMA.md,${DELEGATION_SOURCE_ROOT}/05_trace_coverage_registers/05.07_TRACE_COVERAGE_SCHEMA.md,markdown,trace_coverage_schema,true,true,true,false,false,manual_copy_or_drive_export,not_recorded,not_recorded,planned,"Schema reference for trace coverage package.","Used by validation and downstream derivation."
SDFM-075,SRC-GRP-003,delegation_enablement_matrix,00.03_Canonical_Delegation_Enablement_Matrix_V2/06_rollup_indexes/,08_assembler_skills/00_source_data/00.03_delegation_enablement_matrix/06_rollup_indexes/,${DELEGATION_SOURCE_ROOT}/06_rollup_indexes/,directory,rollup_indexes_group,true,true,true,true,false,manual_copy_or_drive_export,not_recorded,not_recorded,planned,"Rollup package for cross-package navigation query patterns join keys and schemas.","Primary query gateway for Query Expert Skill."
SDFM-076,SRC-GRP-003,delegation_enablement_matrix,00.03_Canonical_Delegation_Enablement_Matrix_V2/06_rollup_indexes/06.00_PACKAGE_MANIFEST.json,08_assembler_skills/00_source_data/00.03_delegation_enablement_matrix/06_rollup_indexes/06.00_PACKAGE_MANIFEST.json,${DELEGATION_SOURCE_ROOT}/06_rollup_indexes/06.00_PACKAGE_MANIFEST.json,json,rollup_package_manifest,true,true,true,true,false,manual_copy_or_drive_export,not_recorded,not_recorded,planned,"Manifest for rollup package.","Used to validate rollup package completeness."
SDFM-077,SRC-GRP-003,delegation_enablement_matrix,00.03_Canonical_Delegation_Enablement_Matrix_V2/06_rollup_indexes/06.01_DELEGATION_ENABLEMENT_ROLLUP_INDEX.json,08_assembler_skills/00_source_data/00.03_delegation_enablement_matrix/06_rollup_indexes/06.01_DELEGATION_ENABLEMENT_ROLLUP_INDEX.json,${DELEGATION_SOURCE_ROOT}/06_rollup_indexes/06.01_DELEGATION_ENABLEMENT_ROLLUP_INDEX.json,json,delegation_enablement_rollup_index,true,true,true,true,false,manual_copy_or_drive_export,not_recorded,not_recorded,planned,"Machine-readable cross-package rollup index for delegation enablement obligation trace gaps contracts taxonomy and guards.","Primary programmatic rollup source for Query Expert Skill."
SDFM-078,SRC-GRP-003,delegation_enablement_matrix,00.03_Canonical_Delegation_Enablement_Matrix_V2/06_rollup_indexes/06.02_JOIN_KEYS_REFERENCE.csv,08_assembler_skills/00_source_data/00.03_delegation_enablement_matrix/06_rollup_indexes/06.02_JOIN_KEYS_REFERENCE.csv,${DELEGATION_SOURCE_ROOT}/06_rollup_indexes/06.02_JOIN_KEYS_REFERENCE.csv,csv,join_keys_reference,true,true,true,true,false,manual_copy_or_drive_export,not_recorded,not_recorded,planned,"Canonical join key reference for package cross-links.","Primary source for query joins and editor propagation joins."
SDFM-079,SRC-GRP-003,delegation_enablement_matrix,00.03_Canonical_Delegation_Enablement_Matrix_V2/06_rollup_indexes/06.03_QUERY_PATTERNS.md,08_assembler_skills/00_source_data/00.03_delegation_enablement_matrix/06_rollup_indexes/06.03_QUERY_PATTERNS.md,${DELEGATION_SOURCE_ROOT}/06_rollup_indexes/06.03_QUERY_PATTERNS.md,markdown,query_patterns_reference,true,true,true,true,false,manual_copy_or_drive_export,not_recorded,not_recorded,planned,"Human-facing query pattern reference defining supported query families lookup paths expected outputs and invalid answer patterns.","Primary query-routing source for Query Expert Skill."
SDFM-080,SRC-GRP-003,delegation_enablement_matrix,00.03_Canonical_Delegation_Enablement_Matrix_V2/06_rollup_indexes/06.04_CROSS_BUNDLE_FILE_MAP.csv,08_assembler_skills/00_source_data/00.03_delegation_enablement_matrix/06_rollup_indexes/06.04_CROSS_BUNDLE_FILE_MAP.csv,${DELEGATION_SOURCE_ROOT}/06_rollup_indexes/06.04_CROSS_BUNDLE_FILE_MAP.csv,csv,cross_bundle_file_map,true,true,true,true,false,manual_copy_or_drive_export,not_recorded,not_recorded,planned,"Maps delegation release files to packages roles dependencies validation usage and downstream derivation usage.","Used by editor impact analysis and query file-location guidance."
SDFM-081,SRC-GRP-003,delegation_enablement_matrix,00.03_Canonical_Delegation_Enablement_Matrix_V2/06_rollup_indexes/06.05_ROLLUP_SCHEMA.md,08_assembler_skills/00_source_data/00.03_delegation_enablement_matrix/06_rollup_indexes/06.05_ROLLUP_SCHEMA.md,${DELEGATION_SOURCE_ROOT}/06_rollup_indexes/06.05_ROLLUP_SCHEMA.md,markdown,rollup_schema,true,true,true,true,false,manual_copy_or_drive_export,not_recorded,not_recorded,planned,"Schema reference for rollup package and downstream query/derivation readiness.","Used by query and implementation planning."