trace_id,delegation_id,responsibility_id,obligation_id,responsibility_family_id,responsibility_family_name,primary_delegated_entity_ids,primary_delegated_entity_names,supporting_entity_ids,supporting_entity_names,governed_object_ids,governed_object_names,enablement_family_ids,enablement_family_names,surface_ids,surface_names,contract_trace_ids,gap_trace_ids,doctrine_trace_ids,taxonomy_layer_ids,coverage_status,trace_quality,anti_collapse_trace,notes
TRACE-001,DEL-RSP-CAN-001,RSP-CAN-001,OBL-CAN-001,RSP-FAM-001,"Ingress Responsibility Delegation","E-INT-011","Envelope Assembler","E-EXT-001","Level API","GOV-005","Typed Content Contract","EN-FAM-008","Contract Template Enablement","SURF-CONSUMING;SURF-CONTRACTUAL","Consuming;Contractual","CC-IN-001A;CC-IN-001B","G-007","DOC-005","L-001;L-002;L-005;L-006","covered","strong","typed/template ingress must not collapse into runtime COM or administrative ingress","Traces typed content admission from Level API through Envelope Assembler."
TRACE-002,DEL-RSP-CAN-002,RSP-CAN-002,OBL-CAN-002,RSP-FAM-001,"Ingress Responsibility Delegation","E-INT-011","Envelope Assembler","E-INT-009;E-INT-008;E-EXT-001","Validator;Timestamp Stabilizer;Level API","GOV-006","Ingress Contract Variants","EN-FAM-008;EN-FAM-009","Contract Template Enablement;Metadata / Timestamp Preparation Enablement","SURF-CONSUMING;SURF-CONTRACTUAL","Consuming;Contractual","CC-IN-001A;CC-IN-001B","G-004;G-007","DOC-005;DOC-006","L-001;L-002;L-005;L-006","covered","strong","validating and hot-path variants must not collapse","Preserves selection between validating and hot-path ingress while keeping timestamp preparation traceable."
TRACE-003,DEL-RSP-CAN-003,RSP-CAN-003,OBL-CAN-003,RSP-FAM-001,"Ingress Responsibility Delegation","E-INT-011","Envelope Assembler","E-EXT-001;E-INT-008","Level API;Timestamp Stabilizer","GOV-006","Hot-Path Contract Variant","EN-FAM-008;EN-FAM-009","Contract Template Enablement;Metadata / Timestamp Preparation Enablement","SURF-CONSUMING;SURF-CONTRACTUAL","Consuming;Contractual","CC-IN-001B","G-007","DOC-005","L-001;L-002;L-005;L-006","covered","strong","hot-path must not silently reintroduce assembler-local validation","Externalized validation path remains explicit."
TRACE-004,DEL-RSP-CAN-004,RSP-CAN-004,OBL-CAN-004,RSP-FAM-001,"Ingress Responsibility Delegation","E-INT-009","Validator","E-INT-011","Envelope Assembler","validation_candidate_input;GOV-006","Validation Candidate Input;Ingress Contract Variants","EN-FAM-002;EN-FAM-009","Mechanism Hosting Enablement;Metadata / Timestamp Preparation Enablement","SURF-MANAGERIAL;SURF-CONTRACTUAL","Managerial;Contractual","CC-IN-001A","G-007","DOC-005","L-002;L-005;L-006","covered","strong","Validator must not participate in hot-path externalized validation","Validator is traced as validating-path mechanism host only."
TRACE-005,DEL-RSP-CAN-005,RSP-CAN-005,OBL-CAN-005,RSP-FAM-001,"Ingress Responsibility Delegation","E-INT-008","Timestamp Stabilizer","E-INT-011","Envelope Assembler","timestamp_value;envelope_timestamp_field;BCO-012","Timestamp Value;Envelope Timestamp Field;Log Level Envelope","EN-FAM-002;EN-FAM-009","Mechanism Hosting Enablement;Metadata / Timestamp Preparation Enablement","SURF-MANAGERIAL;SURF-CONTRACTUAL","Managerial;Contractual","CC-IN-001A;CC-IN-001B;CC-ENV-001","G-004","DOC-006","L-002;L-004;L-005;L-006","covered","strong","Timestamp Stabilizer is mature and mandatory, not placeholder","Closes timestamp placeholder through mature Timestamp Stabilizer trace."
TRACE-006,DEL-RSP-CAN-006,RSP-CAN-006,OBL-CAN-006,RSP-FAM-001,"Ingress Responsibility Delegation","E-INT-011","Envelope Assembler","E-INT-007;E-INT-008;E-INT-012","Metadata Injector;Timestamp Stabilizer;Assembler Ingress Port","BCO-012","Log Level Envelope","EN-FAM-003;EN-FAM-009","Envelope Handling Enablement;Metadata / Timestamp Preparation Enablement","SURF-MANAGERIAL;SURF-CONSUMING","Managerial;Consuming","CC-IN-002;CC-ENV-001","G-004;G-007","DOC-006","L-002;L-004;L-005;L-006","covered","strong","raw content must not remain final runtime carrier","Envelope Assembler realizes Log Level Envelope before server-side admission."
TRACE-007,DEL-RSP-CAN-007,RSP-CAN-007,OBL-CAN-007,RSP-FAM-002,"Policy Responsibility Delegation","E-INT-013;E-INT-010","Administrative / Ecosystem Port;PolicyAssigner","E-EXT-002;E-EXT-003","Assemblers Administrator;Policy Registry / Policy Source","BCO-001","AssemblerPolicyBundle","EN-FAM-001;EN-FAM-008","Assignment Surface Enablement;Contract Template Enablement","SURF-ADMINISTRATIVE;SURF-CONTRACTUAL","Administrative;Contractual","CC-POL-001","G-002","DOC-002;DOC-003","L-001;L-002;L-004;L-005;L-006","covered","strong","policy bundles must not enter through consuming content ingress","Policy material enters through administrative/ecosystem path."
TRACE-008,DEL-RSP-CAN-008,RSP-CAN-008,OBL-CAN-008,RSP-FAM-002,"Policy Responsibility Delegation","E-INT-010","PolicyAssigner","E-INT-013","Administrative / Ecosystem Port","BCO-002","Policy Object Set","EN-FAM-001","Assignment Surface Enablement","SURF-ADMINISTRATIVE","Administrative","CC-POL-002","G-002","DOC-003","L-002;L-004;L-005;L-006","covered","strong","Policy Object identity must not be flattened into anonymous configuration","PolicyAssigner preserves policy object identity and readiness."
TRACE-009,DEL-RSP-CAN-009,RSP-CAN-009,OBL-CAN-009,RSP-FAM-002,"Policy Responsibility Delegation","E-INT-010","PolicyAssigner","E-INT-002;E-INT-003;E-INT-004;E-INT-005;E-INT-006;E-INT-008;E-INT-009","Dispatcher;Writing / Feeding Round Manager;Dispatching / Delivery Round Manager;Queue Bundle Agent;Single Queue Moderator;Timestamp Stabilizer;Validator","BCO-002","Policy Object","EN-FAM-001","Assignment Surface Enablement","SURF-ADMINISTRATIVE","Administrative","CC-POL-003","G-002","DOC-003;DOC-004","L-002;L-004;L-005;L-006","covered","strong","host components must not self-source policies","PolicyAssigner mediates assignment to policy-consuming components."
TRACE-010,DEL-RSP-CAN-010,RSP-CAN-010,OBL-CAN-010,RSP-FAM-002,"Policy Responsibility Delegation","E-INT-002;E-INT-003;E-INT-004;E-INT-005;E-INT-006;E-INT-008;E-INT-009","Policy-consuming components","E-INT-010;E-INT-013","PolicyAssigner;Administrative / Ecosystem Port","GOV-008;BCO-002","Administrative Surface;Policy Object","EN-FAM-001;EN-FAM-002","Assignment Surface Enablement;Mechanism Hosting Enablement","SURF-ADMINISTRATIVE","Administrative","CC-POL-003;CC-POL-004","G-002","DOC-002;DOC-003;DOC-004","L-002;L-004;L-005;L-006","covered","strong","administrative assignment surface must not become managerial execution surface","Policy-consuming components expose administrative assignment surfaces."
TRACE-011,DEL-RSP-CAN-011,RSP-CAN-011,OBL-CAN-011,RSP-FAM-002,"Policy Responsibility Delegation","E-INT-002;E-INT-003;E-INT-004;E-INT-005;E-INT-006;E-INT-008;E-INT-009","Policy-consuming components","E-INT-010","PolicyAssigner","BCO-002;mechanism_semantics","Policy Object;Mechanism Semantics","EN-FAM-002","Mechanism Hosting Enablement","SURF-MANAGERIAL","Managerial","CC-POL-004","G-002;G-005","DOC-003;DOC-004","L-002;L-004;L-005;L-006","covered","strong","Policy Object governs semantics but does not execute behavior","Component-as-Host doctrine is traced here."
TRACE-012,DEL-RSP-CAN-012,RSP-CAN-012,OBL-CAN-012,RSP-FAM-002,"Policy Responsibility Delegation","E-INT-010","PolicyAssigner","E-INT-002;E-INT-003;E-INT-004;E-INT-005;E-INT-006;E-INT-008;E-INT-009","Policy-consuming components","BCO-002","Replacement-Eligible Policy Object","EN-FAM-001;EN-FAM-002","Assignment Surface Enablement;Mechanism Hosting Enablement","SURF-ADMINISTRATIVE;SURF-MANAGERIAL","Administrative;Managerial","CC-POL-005","G-002","DOC-003;DOC-004","L-002;L-004;L-005;L-006","covered","strong","policy replacement must not occur during unsafe execution","Safe-point replacement traced to PolicyAssigner and host components."
TRACE-013,DEL-RSP-CAN-013,RSP-CAN-013,OBL-CAN-013,RSP-FAM-003,"Metadata / Preparation Responsibility Delegation","E-INT-013;E-INT-007","Administrative / Ecosystem Port;Metadata Injector","E-EXT-004","Metadata Directive Source","BCO-003","Metadata Directive","EN-FAM-008;EN-FAM-009","Contract Template Enablement;Metadata / Timestamp Preparation Enablement","SURF-ADMINISTRATIVE;SURF-CONTRACTUAL","Administrative;Contractual","CC-META-001","G-002;G-007","DOC-002;DOC-005","L-001;L-002;L-004;L-005;L-006","covered","strong","metadata directives must not enter through consuming content ingress","Metadata authority enters through administrative/ecosystem path."
TRACE-014,DEL-RSP-CAN-014,RSP-CAN-014,OBL-CAN-014,RSP-FAM-003,"Metadata / Preparation Responsibility Delegation","E-INT-007","Metadata Injector","E-INT-011;E-INT-013","Envelope Assembler;Administrative / Ecosystem Port","metadata_fields;metadata_schema;BCO-003","Metadata Fields;Metadata Schema;Metadata Directive","EN-FAM-009","Metadata / Timestamp Preparation Enablement","SURF-MANAGERIAL;SURF-ADMINISTRATIVE","Managerial;Administrative","CC-META-001;CC-META-002","G-002;G-007","DOC-002;DOC-006","L-002;L-004;L-005;L-006","covered","strong","Metadata Injector must not become policy host","Metadata Injector is schema/directive-governed, not EN-FAM-002 mechanism host."
TRACE-015,DEL-RSP-CAN-015,RSP-CAN-015,OBL-CAN-015,RSP-FAM-003,"Metadata / Preparation Responsibility Delegation","E-INT-007","Metadata Injector","E-INT-011;E-INT-008","Envelope Assembler;Timestamp Stabilizer","BCO-012;metadata_fields","Log Level Envelope;Metadata Fields","EN-FAM-003;EN-FAM-009","Envelope Handling Enablement;Metadata / Timestamp Preparation Enablement","SURF-MANAGERIAL","Managerial","CC-META-002;CC-ENV-001","G-004;G-007","DOC-006","L-002;L-004;L-005;L-006","covered","strong","metadata must not be flattened into arbitrary content payload","Metadata participates in Log Level Envelope composition."
TRACE-016,DEL-RSP-CAN-016,RSP-CAN-016,OBL-CAN-016,RSP-FAM-003,"Metadata / Preparation Responsibility Delegation","E-INT-013;E-INT-007","Administrative / Ecosystem Port;Metadata Injector","E-EXT-004","Metadata Directive Source","BCO-003;GOV-008","Metadata Directive;Administrative Surface","EN-FAM-007;EN-FAM-009","Boundary / Exclusion Enablement;Metadata / Timestamp Preparation Enablement","SURF-ADMINISTRATIVE;SURF-BOUNDARY","Administrative;Boundary","CC-META-001","G-002;G-007","DOC-002","L-001;L-002;L-004;L-005;L-006","covered","strong","metadata authority must not collapse into consuming ingress authority","Preserves administrative metadata authority."
TRACE-017,DEL-RSP-CAN-017,RSP-CAN-017,OBL-CAN-017,RSP-FAM-004,"Operational / Scaling Responsibility Delegation","E-INT-013;E-INT-005","Administrative / Ecosystem Port;Queue Bundle Agent","E-EXT-005","Scaling / Operational Directive Source","GOV-007","Operational Directive","EN-FAM-008;EN-FAM-004","Contract Template Enablement;Queue Runtime Enablement","SURF-ADMINISTRATIVE;SURF-CONTRACTUAL","Administrative;Contractual","CC-OPS-001","G-005","DOC-002;DOC-007","L-001;L-002;L-004;L-005;L-006","covered","strong","operational directives must not be treated as log content","Operational directive enters administratively then is realized over queue structures."
TRACE-018,DEL-RSP-CAN-018,RSP-CAN-018,OBL-CAN-018,RSP-FAM-004,"Operational / Scaling Responsibility Delegation","E-INT-005","Queue Bundle Agent","E-INT-003;E-INT-004;E-INT-006","Writing / Feeding Round Manager;Dispatching / Delivery Round Manager;Single Queue Moderator","BCO-004;BCO-005;GOV-007","Queue Bundle;Queue Container;Operational Directive","EN-FAM-004","Queue Runtime Enablement","SURF-MANAGERIAL","Managerial","CC-OPS-002;CC-STATE-001","G-005;G-006","DOC-007","L-002;L-003;L-004;L-005;L-006","covered","strong","operational directive must affect queue structures, not content payload","Queue Bundle Agent realizes pause/drain/scale/activate over queue structures."
TRACE-019,DEL-RSP-CAN-019,RSP-CAN-019,OBL-CAN-019,RSP-FAM-004,"Operational / Scaling Responsibility Delegation","E-INT-003","Writing / Feeding Round Manager","E-INT-005","Queue Bundle Agent","BCO-009;BCO-011","Writing Round Waiting List;Queue Container Identifier","EN-FAM-004","Queue Runtime Enablement","SURF-MANAGERIAL","Managerial","CC-STATE-006;CC-STATE-008","G-005;G-006","DOC-007","L-002;L-003;L-004;L-005;L-006","covered","strong","writing waiting list stores queue-container identifiers, not envelopes","Writable readiness or degradation is explicit."
TRACE-020,DEL-RSP-CAN-020,RSP-CAN-020,OBL-CAN-020,RSP-FAM-004,"Operational / Scaling Responsibility Delegation","E-INT-005","Queue Bundle Agent","E-INT-010;E-INT-003;E-INT-004","PolicyAssigner;Writing / Feeding Round Manager;Dispatching / Delivery Round Manager","BCO-004;BCO-005;BCO-002","Queue Bundle;Queue Container;Policy Object","EN-FAM-002;EN-FAM-004","Mechanism Hosting Enablement;Queue Runtime Enablement","SURF-MANAGERIAL","Managerial","CC-POL-004;CC-OPS-002;CC-STATE-001","G-002;G-005;G-006","DOC-003;DOC-004;DOC-007","L-002;L-003;L-004;L-005;L-006","covered","strong","Policy Object governs ordering semantics but does not execute queue ordering","Queue Bundle Agent hosts policy-conforming queue ordering."
TRACE-021,DEL-RSP-CAN-021,RSP-CAN-021,OBL-CAN-021,RSP-FAM-005,"Registry / Dispatcher Responsibility Delegation","E-INT-002;E-INT-014","Dispatcher;Registry / Delivery Port","E-EXT-006","Log Level Records Registry","GOV-001","Readiness Signal","EN-FAM-005","Registry Boundary Enablement","SURF-MANAGERIAL;SURF-BOUNDARY","Managerial;Boundary","CC-REG-001","G-001","DOC-001;DOC-006","L-001;L-002;L-004;L-005;L-006","covered","strong","Dispatcher must not handoff blindly","Registry readiness is observed before handoff."
TRACE-022,DEL-RSP-CAN-022,RSP-CAN-022,OBL-CAN-022,RSP-FAM-005,"Registry / Dispatcher Responsibility Delegation","E-INT-002;E-INT-014","Dispatcher;Registry / Delivery Port","E-EXT-006","Log Level Records Registry","BCO-012;GOV-001","Log Level Envelope;Readiness Signal","EN-FAM-005","Registry Boundary Enablement","SURF-MANAGERIAL;SURF-BOUNDARY","Managerial;Boundary","CC-REG-001;CC-REG-002","G-001","DOC-001;DOC-006","L-001;L-002;L-004;L-005;L-006","covered","strong","handoff must be gated by readiness/capacity","Prevents blind dispatch into unavailable registry."
TRACE-023,DEL-RSP-CAN-023,RSP-CAN-023,OBL-CAN-023,RSP-FAM-005,"Registry / Dispatcher Responsibility Delegation","E-INT-002","Dispatcher","E-INT-014;E-EXT-006","Registry / Delivery Port;Log Level Records Registry","BCO-012;GOV-004","Log Level Envelope;Dispatcher Boundary Edge","EN-FAM-003;EN-FAM-005","Envelope Handling Enablement;Registry Boundary Enablement","SURF-MANAGERIAL;SURF-BOUNDARY","Managerial;Boundary","CC-REG-002;CC-ENV-002","G-001;G-006","DOC-001;DOC-006","L-001;L-002;L-004;L-005;L-006","covered","strong","Registry / Delivery Port must not replace Dispatcher as actor","Dispatcher remains final assembler-side handoff edge."
TRACE-024,DEL-RSP-CAN-024,RSP-CAN-024,OBL-CAN-024,RSP-FAM-005,"Registry / Dispatcher Responsibility Delegation","E-INT-014","Registry / Delivery Port","E-INT-002;E-EXT-006","Dispatcher;Log Level Records Registry","GOV-002","Receiving Admission Access","EN-FAM-005;EN-FAM-008","Registry Boundary Enablement;Contract Template Enablement","SURF-BOUNDARY;SURF-CONTRACTUAL","Boundary;Contractual","CC-REG-003","G-001","DOC-001;DOC-005","L-001;L-002;L-004;L-005;L-006","covered","strong","boundary-sufficient access must not become registry internal ownership","Registry / Delivery Port exposes only receiving admission access."
TRACE-025,DEL-RSP-CAN-025,RSP-CAN-025,OBL-CAN-025,RSP-FAM-005,"Registry / Dispatcher Responsibility Delegation","E-INT-002","Dispatcher","E-INT-004;E-INT-006","Dispatching / Delivery Round Manager;Single Queue Moderator","BCO-013","Delivery-Cycle Flag Set","EN-FAM-006","Feedback / Reporting Enablement","SURF-MANAGERIAL","Managerial","CC-REG-002;CT-FAM-005","G-003","DOC-001","L-002;L-004;L-005;L-006","covered","strong","Delivery-Cycle Flag Set must not be treated as Dispatcher Feedback Report","Expanded by RSP-CAN-025.1 through RSP-CAN-025.7 in obligation package."
TRACE-026,DEL-RSP-CAN-026,RSP-CAN-026,OBL-CAN-026,RSP-FAM-005,"Registry / Dispatcher Responsibility Delegation","E-INT-002;E-INT-014","Dispatcher;Registry / Delivery Port","E-EXT-006","Log Level Records Registry","GOV-003;BCO-012","Lifecycle Transfer State;Log Level Envelope","EN-FAM-005;EN-FAM-007","Registry Boundary Enablement;Boundary / Exclusion Enablement","SURF-BOUNDARY","Boundary","CC-ENV-002;CC-REG-002","G-001;G-006","DOC-001;DOC-006","L-001;L-002;L-004;L-005;L-006","covered","strong","Assembler must not retain registry-side lifecycle authority after valid handoff","Lifecycle non-ownership after handoff is trace-covered."
TRACE-027,DEL-RSP-CAN-027,RSP-CAN-027,OBL-CAN-027,RSP-FAM-006,"Envelope Carrier Responsibility Delegation","E-INT-011","Envelope Assembler","E-INT-007;E-INT-008;E-INT-009","Metadata Injector;Timestamp Stabilizer;Validator when validating path applies","BCO-012","Log Level Envelope","EN-FAM-003;EN-FAM-009","Envelope Handling Enablement;Metadata / Timestamp Preparation Enablement","SURF-MANAGERIAL;SURF-CONTRACTUAL","Managerial;Contractual","CC-ENV-001;CC-IN-002;CC-META-002","G-004;G-007","DOC-005;DOC-006","L-002;L-004;L-005;L-006","covered","strong","envelope assembly must not bypass metadata or timestamp preparation","Log Level Envelope composition is traced to Envelope Assembler."
TRACE-028,DEL-RSP-CAN-028,RSP-CAN-028,OBL-CAN-028,RSP-FAM-006,"Envelope Carrier Responsibility Delegation","E-INT-012","Assembler Ingress Port","E-INT-011;E-INT-003;E-INT-004","Envelope Assembler;Writing / Feeding Round Manager;Dispatching / Delivery Round Manager","BCO-012","Log Level Envelope","EN-FAM-003;EN-FAM-007","Envelope Handling Enablement;Boundary / Exclusion Enablement","SURF-CONSUMING;SURF-BOUNDARY","Consuming;Boundary","CC-IN-002;CC-ENV-001","G-006;G-007","DOC-006","L-002;L-004;L-005;L-006","covered","strong","raw content must not replace Log Level Envelope as runtime carrier","Assembler Ingress Port receives already realized envelope."
TRACE-029,DEL-RSP-CAN-029,RSP-CAN-029,OBL-CAN-029,RSP-FAM-006,"Envelope Carrier Responsibility Delegation","E-INT-003;E-INT-004","Writing / Feeding Round Manager;Dispatching / Delivery Round Manager","E-INT-005;E-INT-006","Queue Bundle Agent;Single Queue Moderator","BCO-012;BCO-005;BCO-006","Log Level Envelope;Queue Container;Slot","EN-FAM-003;EN-FAM-004","Envelope Handling Enablement;Queue Runtime Enablement","SURF-MANAGERIAL","Managerial","CC-ENV-001;CC-STATE-002;CC-STATE-003","G-005;G-006","DOC-006;DOC-007","L-002;L-003;L-004;L-005;L-006","covered","strong","envelope movement must not be confused with queue-container identity","Round progression preserves envelope identity through queue-container slots."
TRACE-030,DEL-RSP-CAN-030,RSP-CAN-030,OBL-CAN-030,RSP-FAM-006,"Envelope Carrier Responsibility Delegation","E-INT-002;E-INT-014","Dispatcher;Registry / Delivery Port","E-EXT-006","Log Level Records Registry","BCO-012;GOV-003","Log Level Envelope;Lifecycle Transfer State","EN-FAM-003;EN-FAM-005","Envelope Handling Enablement;Registry Boundary Enablement","SURF-BOUNDARY;SURF-MANAGERIAL","Boundary;Managerial","CC-ENV-002;CC-REG-002","G-001;G-006","DOC-001;DOC-006","L-001;L-002;L-004;L-005;L-006","covered","strong","lifecycle authority transfers only at valid dispatcher-registry handoff","Lifecycle transfer is trace-covered at delivery boundary."
TRACE-031,DEL-RSP-CAN-031,RSP-CAN-031,OBL-CAN-031,RSP-FAM-006,"Envelope Carrier Responsibility Delegation","E-INT-006","Single Queue Moderator","E-INT-012;E-INT-002","Assembler Ingress Port;Dispatcher","BCO-007;BCO-012;BCO-006","Envelope Slot Occupancy;Log Level Envelope;Slot","EN-FAM-004;EN-FAM-007","Queue Runtime Enablement;Boundary / Exclusion Enablement","SURF-MANAGERIAL;SURF-BOUNDARY","Managerial;Boundary","CC-STATE-003;CC-ENV-002","G-006","DOC-006;DOC-007","L-002;L-003;L-004;L-005;L-006","covered","strong","occupancy binding must not imply envelope lifecycle ownership","Envelope Slot Occupancy is binding/state only."
TRACE-032,DEL-RSP-CAN-032,RSP-CAN-032,OBL-CAN-032,RSP-FAM-007,"Boundary / Exclusion Responsibility Delegation","E-INT-001","Assembler Subsystem","E-EXT-007","Reading / Querying Subsystem","GOV-009","Non-Authority Boundary","EN-FAM-007","Boundary / Exclusion Enablement","SURF-BOUNDARY","Boundary","CC-EX-001","G-001","DOC-001","L-001;L-002;L-005;L-006","covered","strong","read/query responsibilities must not become assembler responsibilities","Assembler write-side authority excludes read/query world."
TRACE-033,DEL-RSP-CAN-033,RSP-CAN-033,OBL-CAN-033,RSP-FAM-007,"Boundary / Exclusion Responsibility Delegation","E-INT-012;E-INT-013;E-INT-014","Assembler Ingress Port;Administrative / Ecosystem Port;Registry / Delivery Port","E-INT-001;E-INT-011","Assembler Subsystem;Envelope Assembler","GOV-008;GOV-009","Administrative Surface;Non-Authority Boundary","EN-FAM-007;EN-FAM-008","Boundary / Exclusion Enablement;Contract Template Enablement","SURF-CROSS-SURFACE;SURF-BOUNDARY","Cross-surface;Boundary","CC-IN-001A;CC-POL-001;CC-REG-002","G-002;G-007;G-001","DOC-002;DOC-005","L-001;L-002;L-005;L-006","covered","strong","consuming/admin/managerial surfaces must not collapse","Three Surface Law is trace-covered across ports."
TRACE-034,DEL-RSP-CAN-034,RSP-CAN-034,OBL-CAN-034,RSP-FAM-007,"Boundary / Exclusion Responsibility Delegation","E-INT-002","Dispatcher","E-INT-014;E-EXT-006","Registry / Delivery Port;Log Level Records Registry","GOV-004","Dispatcher Boundary Edge","EN-FAM-005;EN-FAM-007","Registry Boundary Enablement;Boundary / Exclusion Enablement","SURF-BOUNDARY","Boundary","CC-REG-002","G-001","DOC-001","L-001;L-002;L-004;L-005;L-006","covered","strong","Registry / Delivery Port must not replace Dispatcher as final actor","Dispatcher Boundary Law is explicit."
TRACE-035,DEL-RSP-CAN-035,RSP-CAN-035,OBL-CAN-035,RSP-FAM-007,"Boundary / Exclusion Responsibility Delegation","E-INT-011;E-INT-012;E-INT-013;E-INT-014","Envelope Assembler;Assembler Ingress Port;Administrative / Ecosystem Port;Registry / Delivery Port","E-EXT-001;E-EXT-006","Level API;Log Level Records Registry","GOV-005;GOV-006;GOV-002","Typed Content Contract;Ingress Contract Variants;Receiving Admission Access","EN-FAM-008","Contract Template Enablement","SURF-CONTRACTUAL","Contractual","CC-IN-001A;CC-IN-001B;CC-REG-003","G-007;G-001","DOC-005","L-001;L-002;L-005;L-006","covered","strong","contracts remain typed/template laws, not runtime COM interfaces","Contract template doctrine is traced across ports and contract-side objects."
TRACE-036,DEL-RSP-CAN-036,RSP-CAN-036,OBL-CAN-036,RSP-FAM-007,"Boundary / Exclusion Responsibility Delegation","E-INT-010","PolicyAssigner","E-INT-002;E-INT-003;E-INT-004;E-INT-005;E-INT-006;E-INT-008;E-INT-009","Policy-consuming components","BCO-002","Policy Object","EN-FAM-001;EN-FAM-002","Assignment Surface Enablement;Mechanism Hosting Enablement","SURF-ADMINISTRATIVE;SURF-MANAGERIAL","Administrative;Managerial","CC-POL-003;CC-POL-004","G-002","DOC-003;DOC-004","L-002;L-004;L-005;L-006","covered","strong","Policy Object must not become executor","PolicyAssigner mediates; host components execute mechanism semantics locally."
TRACE-037,DEL-RSP-CAN-037,RSP-CAN-037,OBL-CAN-037,RSP-FAM-007,"Boundary / Exclusion Responsibility Delegation","E-INT-005;E-INT-006","Queue Bundle Agent;Single Queue Moderator","E-INT-003;E-INT-004","Writing / Feeding Round Manager;Dispatching / Delivery Round Manager","BCO-005","Queue Container","EN-FAM-004;EN-FAM-007","Queue Runtime Enablement;Boundary / Exclusion Enablement","SURF-MANAGERIAL;SURF-BOUNDARY","Managerial;Boundary","CC-STATE-002;CC-STATE-004","G-006","DOC-007","L-002;L-003;L-004;L-005;L-006","covered","strong","Queue equals Container; no separate runtime container","Queue-as-Container doctrine is trace-covered."
TRACE-038,DEL-RSP-CAN-038,RSP-CAN-038,OBL-CAN-038,RSP-FAM-008,"Runtime State Responsibility Delegation","E-INT-005","Queue Bundle Agent","E-INT-003;E-INT-004;E-INT-006","Writing / Feeding Round Manager;Dispatching / Delivery Round Manager;Single Queue Moderator","BCO-004;BCO-005","Queue Bundle;Queue Container","EN-FAM-004","Queue Runtime Enablement","SURF-MANAGERIAL","Managerial","CC-STATE-001","G-005;G-006","DOC-007","L-002;L-003;L-004;L-005;L-006","covered","strong","Queue Bundle Agent must not replace Single Queue Moderator","Bundle-level orchestration remains distinct from single queue-container moderation."
TRACE-039,DEL-RSP-CAN-039,RSP-CAN-039,OBL-CAN-039,RSP-FAM-008,"Runtime State Responsibility Delegation","E-INT-006","Single Queue Moderator","E-INT-005","Queue Bundle Agent","BCO-005","Queue Container","EN-FAM-004","Queue Runtime Enablement","SURF-MANAGERIAL","Managerial","CC-STATE-002","G-005;G-006","DOC-007","L-002;L-003;L-004;L-005;L-006","covered","strong","Queue Runtime Layer must not be delegated entity","Single Queue Moderator carries one queue-container moderation."
TRACE-040,DEL-RSP-CAN-040,RSP-CAN-040,OBL-CAN-040,RSP-FAM-008,"Runtime State Responsibility Delegation","E-INT-006","Single Queue Moderator","E-INT-012","Assembler Ingress Port","BCO-005;BCO-006","Queue Container;Slot","EN-FAM-004","Queue Runtime Enablement","SURF-MANAGERIAL","Managerial","CC-STATE-003;CC-STATE-004","G-006","DOC-007","L-002;L-003;L-004;L-005;L-006","covered","strong","slot must not become independent container outside queue-container","Slots remain inside Queue Container semantics."
TRACE-041,DEL-RSP-CAN-041,RSP-CAN-041,OBL-CAN-041,RSP-FAM-008,"Runtime State Responsibility Delegation","E-INT-006","Single Queue Moderator","E-INT-012","Assembler Ingress Port","BCO-007;BCO-006;BCO-012","Envelope Slot Occupancy;Slot;Log Level Envelope","EN-FAM-004","Queue Runtime Enablement","SURF-MANAGERIAL","Managerial","CC-STATE-003","G-006","DOC-006;DOC-007","L-002;L-003;L-004;L-005;L-006","covered","strong","occupancy binding must not imply lifecycle ownership","Envelope occupancy is binding/state."
TRACE-042,DEL-RSP-CAN-042,RSP-CAN-042,OBL-CAN-042,RSP-FAM-008,"Runtime State Responsibility Delegation","E-INT-006","Single Queue Moderator","E-INT-004","Dispatching / Delivery Round Manager","BCO-008;BCO-006;BCO-011","Slot Lifecycle State;Slot;Queue Container Identifier","EN-FAM-004","Queue Runtime Enablement","SURF-MANAGERIAL","Managerial","CC-STATE-004;CC-STATE-008","G-005;G-006","DOC-007","L-002;L-003;L-004;L-005;L-006","covered","strong","slot lifecycle is local runtime state, not registry lifecycle","Slot lifecycle supports release, readiness, and requalification."
TRACE-043,DEL-RSP-CAN-043,RSP-CAN-043,OBL-CAN-043,RSP-FAM-008,"Runtime State Responsibility Delegation","E-INT-006","Single Queue Moderator","E-INT-004;E-INT-005","Dispatching / Delivery Round Manager;Queue Bundle Agent","BCO-008;BCO-010;BCO-011","Slot Lifecycle State;Delivery Round Waiting List;Queue Container Identifier","EN-FAM-004","Queue Runtime Enablement","SURF-MANAGERIAL","Managerial","CC-STATE-005;CC-STATE-007;CC-STATE-008","G-005;G-006","DOC-007","L-002;L-003;L-004;L-005;L-006","covered","strong","post-delivery completion must restore waiting discipline","Single Queue Moderator restores delivery-side waiting discipline as required."
TRACE-044,DEL-RSP-CAN-044,RSP-CAN-044,OBL-CAN-044,RSP-FAM-008,"Runtime State Responsibility Delegation","E-INT-003","Writing / Feeding Round Manager","E-INT-005","Queue Bundle Agent","BCO-009;BCO-011","Writing Round Waiting List;Queue Container Identifier","EN-FAM-004","Queue Runtime Enablement","SURF-MANAGERIAL","Managerial","CC-STATE-006;CC-STATE-008","G-005;G-006","DOC-007","L-002;L-003;L-004;L-005;L-006","covered","strong","writing waiting list stores queue-container identifiers, not envelopes","Writing-side waiting discipline is locator-based."
TRACE-045,DEL-RSP-CAN-045,RSP-CAN-045,OBL-CAN-045,RSP-FAM-008,"Runtime State Responsibility Delegation","E-INT-004","Dispatching / Delivery Round Manager","E-INT-006;E-INT-005","Single Queue Moderator;Queue Bundle Agent","BCO-010;BCO-011","Delivery Round Waiting List;Queue Container Identifier","EN-FAM-004","Queue Runtime Enablement","SURF-MANAGERIAL","Managerial","CC-STATE-007;CC-STATE-008","G-005;G-006","DOC-007","L-002;L-003;L-004;L-005;L-006","covered","strong","delivery waiting list stores queue-container identifiers, not envelopes","Delivery-side waiting discipline is locator-based."
TRACE-046,DEL-RSP-CAN-046,RSP-CAN-046,OBL-CAN-046,RSP-FAM-008,"Runtime State Responsibility Delegation","E-INT-003;E-INT-004","Writing / Feeding Round Manager;Dispatching / Delivery Round Manager","E-INT-005;E-INT-006","Queue Bundle Agent;Single Queue Moderator","BCO-011;BCO-005","Queue Container Identifier;Queue Container","EN-FAM-004","Queue Runtime Enablement","SURF-MANAGERIAL","Managerial","CC-STATE-008","G-005;G-006","DOC-007","L-002;L-003;L-004;L-005;L-006","covered","strong","Queue Container Identifier must not be treated as envelope identity","Locator semantics remain queue-container-specific."
TRACE-047,DEL-RSP-CAN-047,RSP-CAN-047,OBL-CAN-047,RSP-FAM-008,"Runtime State Responsibility Delegation","E-INT-006","Single Queue Moderator","E-INT-004;E-INT-003","Dispatching / Delivery Round Manager;Writing / Feeding Round Manager","BCO-011;BCO-008;BCO-010;BCO-009","Queue Container Identifier;Slot Lifecycle State;Delivery Round Waiting List;Writing Round Waiting List","EN-FAM-004","Queue Runtime Enablement","SURF-MANAGERIAL","Managerial","CC-STATE-005;CC-STATE-006;CC-STATE-007;CC-STATE-008","G-005;G-006","DOC-007","L-002;L-003;L-004;L-005;L-006","covered","strong","requalified ID must return to correct waiting discipline","Requalification routes Queue Container Identifier back to proper waiting-list discipline."
TRACE-048,DEL-RSP-CAN-048,RSP-CAN-048,OBL-CAN-048,RSP-FAM-008,"Runtime State Responsibility Delegation","E-INT-002","Dispatcher","E-INT-004;E-INT-006;OPTIONAL-DIAGNOSTIC-CONSUMER","Dispatching / Delivery Round Manager;Single Queue Moderator;Optional diagnostics/reporting consumer","BCO-014","Dispatcher Feedback Report","EN-FAM-006","Feedback / Reporting Enablement","SURF-MANAGERIAL;SURF-OBSERVABILITY","Managerial;Observability","CC-REG-002;CT-FAM-005","G-003","DOC-001","L-002;L-004;L-005;L-006","covered","strong","Dispatcher Feedback Report must not be treated as Delivery-Cycle Flag Set","Expanded by RSP-CAN-048.1 through RSP-CAN-048.5 in obligation package."
TRACE-049,DEL-RSP-CAN-049,RSP-CAN-049,OBL-CAN-049,RSP-FAM-008,"Runtime State Responsibility Delegation","E-INT-006;E-INT-005","Single Queue Moderator;Queue Bundle Agent","E-INT-003;E-INT-004","Writing / Feeding Round Manager;Dispatching / Delivery Round Manager","BCO-005;BCO-007;BCO-012;BCO-011","Queue Container;Envelope Slot Occupancy;Log Level Envelope;Queue Container Identifier","EN-FAM-004;EN-FAM-007","Queue Runtime Enablement;Boundary / Exclusion Enablement","SURF-MANAGERIAL;SURF-BOUNDARY","Managerial;Boundary","CC-STATE-002;CC-STATE-003;CC-STATE-008","G-006","DOC-006;DOC-007","L-002;L-003;L-004;L-005;L-006","covered","strong","Queue equals Container; occupancy is binding/state; envelope lifecycle is separate","Final terminology guard for queue-container ownership and occupancy semantics."